,0,1,2,3,4,5,6,7,8,9,10,11,12,13,14,15,16,17,18,19,y
0,A11,6,A34,A43,1169,A65,A75,4,A93,A101,4.1,A121,67,A143,A152,2,A173,1,A192,A201,0
1,A12,48,A32,A43,5951,A61,A73,2,A92,A101,2.0,A121,22,A143,A152,1,A173,1,A191,A201,1
2,A14,12,A34,A46,2096,A61,A74,2,A93,A101,3.0,A121,49,A143,A152,1,A172,2,A191,A201,0
3,A11,42,A32,A42,7882,A61,A74,2,A93,A103,4.0,A122,45,A143,A153,1,A173,2,A191,A201,0
4,A11,24,A33,A40,4870,A61,A73,3,A93,A101,4.0,A124,53,A143,A153,2,A173,2,A191,A201,1
5,A14,36,A32,A46,9055,A65,A73,2,A93,A101,4.0,A124,35,A143,A153,1,A172,2,A192,A201,0
6,A14,24,A32,A42,2835,A63,A75,3,A93,A101,4.0,A122,53,A143,A152,1,A173,1,A191,A201,0
7,A12,36,A32,A41,6948,A61,A73,2,A93,A101,2.0,A123,35,A143,A151,1,A174,1,A192,A201,0
8,A14,12,A32,A43,3059,A64,A74,2,A91,A101,4.0,A121,61,A143,A152,1,A172,1,A191,A201,0
10,A12,12,A32,A40,1295,A61,A72,3,A92,A101,1.0,A123,25,A143,A151,1,A173,1,A191,A201,1
11,A11,48,A32,A49,4308,A61,A72,3,A92,A101,4.0,A122,24,A143,A151,1,A173,1,A191,A201,1
12,A12,12,A32,A43,1567,A61,A73,1,A92,A101,1.0,A123,22,A143,A152,1,A173,1,A192,A201,0
14,A11,15,A32,A40,1403,A61,A73,2,A92,A101,4.0,A123,28,A143,A151,1,A173,1,A191,A201,0
15,A11,24,A32,A43,1282,A62,A73,4,A92,A101,2.0,A123,32,A143,A152,1,A172,1,A191,A201,1
16,A14,24,A34,A43,2424,A65,A75,4,A93,A101,4.0,A122,53,A143,A152,2,A173,1,A191,A201,0
17,A11,30,A30,A49,8072,A65,A72,2,A93,A101,3.0,A123,25,A141,A152,3,A173,1,A191,A201,0
18,A12,24,A32,A41,12579,A61,A75,4,A92,A101,2.0,A124,44,A143,A153,1,A174,1,A192,A201,1
19,A14,24,A32,A43,3430,A63,A75,3,A93,A101,2.0,A123,31,A143,A152,1,A173,2,A192,A201,0
20,A14,9,A34,A40,2134,A61,A73,4,A93,A101,4.0,A123,48,A143,A152,3,A173,1,A192,A201,0
21,A11,6,A32,A43,2647,A63,A73,2,A93,A101,3.0,A121,44,A143,A151,1,A173,2,A191,A201,0
22,A11,10,A34,A40,2241,A61,A72,1,A93,A101,3.0,A121,48,A143,A151,2,A172,2,A191,A202,0
23,A12,12,A34,A41,1804,A62,A72,3,A93,A101,4.0,A122,44,A143,A152,1,A173,1,A191,A201,0
24,A14,10,A34,A42,2069,A65,A73,2,A94,A101,1.0,A123,26,A143,A152,2,A173,1,A191,A202,0
25,A11,6,A32,A42,1374,A61,A73,1,A93,A101,2.0,A121,36,A141,A152,1,A172,1,A192,A201,0
26,A14,6,A30,A43,426,A61,A75,4,A94,A101,4.0,A123,39,A143,A152,1,A172,1,A191,A201,0
27,A13,12,A31,A43,409,A64,A73,3,A92,A101,3.0,A121,42,A143,A151,2,A173,1,A191,A201,0
28,A12,7,A32,A43,2415,A61,A73,3,A93,A103,2.0,A121,34,A143,A152,1,A173,1,A191,A201,0
30,A12,18,A32,A49,1913,A64,A72,3,A94,A101,3.0,A121,36,A141,A152,1,A173,1,A192,A201,0
31,A11,24,A32,A42,4020,A61,A73,2,A93,A101,2.0,A123,27,A142,A152,1,A173,1,A191,A201,0
32,A12,18,A32,A40,5866,A62,A73,2,A93,A101,2.0,A123,30,A143,A152,2,A173,1,A192,A201,0
33,A14,12,A34,A49,1264,A65,A75,4,A93,A101,4.0,A124,57,A143,A151,1,A172,1,A191,A201,0
34,A13,12,A32,A42,1474,A61,A72,4,A92,A101,1.0,A122,33,A141,A152,1,A174,1,A192,A201,0
36,A14,48,A34,A46,6110,A61,A73,1,A93,A101,3.0,A124,31,A141,A153,1,A173,1,A192,A201,0
38,A13,10,A32,A44,1225,A61,A73,2,A93,A101,2.0,A123,37,A143,A152,1,A173,1,A192,A201,0
39,A12,9,A32,A43,458,A61,A73,4,A93,A101,3.0,A121,24,A143,A152,1,A173,1,A191,A201,0
40,A14,30,A32,A43,2333,A63,A75,4,A93,A101,2.0,A123,30,A141,A152,1,A174,1,A191,A201,0
41,A12,12,A32,A43,1158,A63,A73,3,A91,A101,1.0,A123,26,A143,A152,1,A173,1,A192,A201,0
42,A12,18,A33,A45,6204,A61,A73,2,A93,A101,4.0,A121,44,A143,A152,1,A172,2,A192,A201,0
43,A11,30,A34,A41,6187,A62,A74,1,A94,A101,4.0,A123,24,A143,A151,2,A173,1,A191,A201,0
45,A14,11,A34,A40,1393,A61,A72,4,A92,A101,4.0,A123,35,A143,A152,2,A174,1,A191,A201,0
46,A14,36,A32,A43,2299,A63,A75,4,A93,A101,4.0,A123,39,A143,A152,1,A173,1,A191,A201,0
47,A11,6,A32,A41,1352,A63,A71,1,A92,A101,2.0,A122,23,A143,A151,1,A171,1,A192,A201,0
48,A14,11,A34,A40,7228,A61,A73,1,A93,A101,4.0,A122,39,A143,A152,2,A172,1,A191,A201,0
49,A14,12,A32,A43,2073,A62,A73,4,A92,A102,2.0,A121,28,A143,A152,1,A173,1,A191,A201,0
50,A12,24,A33,A42,2333,A65,A72,4,A93,A101,2.0,A122,29,A141,A152,1,A172,1,A191,A201,0
51,A12,27,A33,A41,5965,A61,A75,1,A93,A101,2.0,A123,30,A143,A152,2,A174,1,A192,A201,0
52,A14,12,A32,A43,1262,A61,A73,3,A93,A101,2.0,A123,25,A143,A152,1,A173,1,A191,A201,0
53,A14,18,A32,A41,3378,A65,A73,2,A93,A101,1.0,A122,31,A143,A152,1,A173,1,A192,A201,0
55,A14,6,A31,A40,783,A65,A73,1,A93,A103,2.0,A121,26,A142,A152,1,A172,2,A191,A201,0
57,A14,36,A34,A43,9566,A61,A73,2,A92,A101,2.0,A123,31,A142,A152,2,A173,1,A191,A201,0
58,A13,18,A32,A40,1961,A61,A75,3,A92,A101,2.0,A123,23,A143,A152,1,A174,1,A191,A201,0
60,A12,9,A32,A49,1391,A61,A73,2,A94,A101,1.0,A121,27,A141,A152,1,A173,1,A192,A201,0
61,A12,15,A34,A43,1537,A65,A75,4,A93,A103,4.0,A121,50,A143,A152,2,A173,1,A192,A201,0
64,A14,24,A32,A43,3181,A61,A72,4,A92,A101,4.0,A122,26,A143,A152,1,A173,1,A192,A201,0
65,A14,27,A32,A45,5190,A65,A75,4,A93,A101,4.0,A122,48,A143,A152,4,A173,2,A192,A201,0
66,A14,12,A32,A43,2171,A61,A72,2,A92,A101,2.0,A123,29,A141,A152,1,A173,1,A191,A201,0
67,A12,12,A32,A40,1007,A64,A73,4,A94,A101,1.0,A121,22,A143,A152,1,A173,1,A191,A201,0
69,A14,36,A32,A43,2394,A65,A73,4,A92,A101,4.0,A123,25,A143,A152,1,A173,1,A191,A201,0
70,A14,36,A32,A41,8133,A61,A73,1,A92,A101,2.0,A122,30,A141,A152,1,A173,1,A191,A201,0
71,A14,7,A34,A43,730,A65,A75,4,A93,A101,2.0,A122,46,A143,A151,2,A172,1,A192,A201,0
72,A11,8,A34,A410,1164,A61,A75,3,A93,A101,4.0,A124,51,A141,A153,2,A174,2,A192,A201,0
73,A12,42,A34,A49,5954,A61,A74,2,A92,A101,1.0,A121,41,A141,A152,2,A172,1,A191,A201,0
74,A11,36,A32,A46,1977,A65,A75,4,A93,A101,4.0,A124,40,A143,A152,1,A174,1,A192,A201,1
75,A11,12,A34,A41,1526,A61,A75,4,A93,A101,4.0,A124,66,A143,A153,2,A174,1,A191,A201,0
77,A12,11,A33,A43,4771,A61,A74,2,A93,A101,4.0,A122,51,A143,A152,1,A173,1,A191,A201,0
78,A14,54,A30,A41,9436,A65,A73,2,A93,A101,2.0,A122,39,A143,A152,1,A172,2,A191,A201,0
79,A12,30,A32,A42,3832,A61,A72,2,A94,A101,1.0,A122,22,A143,A152,1,A173,1,A191,A201,0
81,A14,15,A32,A43,1213,A63,A75,4,A93,A101,3.0,A122,47,A142,A152,1,A173,1,A192,A201,0
82,A14,18,A32,A49,1568,A62,A73,3,A92,A101,4.0,A122,24,A143,A151,1,A172,1,A191,A201,0
83,A11,24,A32,A410,1755,A61,A75,4,A92,A103,4.0,A121,58,A143,A152,1,A172,1,A192,A201,0
84,A11,10,A32,A43,2315,A61,A75,3,A93,A101,4.0,A121,52,A143,A152,1,A172,1,A191,A201,0
85,A14,12,A34,A49,1412,A61,A73,4,A92,A103,2.0,A121,29,A143,A152,2,A174,1,A192,A201,0
86,A12,18,A34,A42,1295,A61,A72,4,A92,A101,1.0,A122,27,A143,A152,2,A173,1,A191,A201,0
88,A11,18,A32,A40,2249,A62,A74,4,A93,A101,3.0,A123,30,A143,A152,1,A174,2,A192,A201,0
89,A11,12,A30,A45,1108,A61,A74,4,A93,A101,3.0,A121,28,A143,A152,2,A173,1,A191,A201,1
90,A14,12,A34,A43,618,A61,A75,4,A93,A101,4.0,A121,56,A143,A152,1,A173,1,A191,A201,0
91,A11,12,A34,A41,1409,A61,A75,4,A93,A101,3.0,A121,54,A143,A152,1,A173,1,A191,A201,0
92,A14,12,A34,A43,797,A65,A75,4,A92,A101,3.0,A122,33,A141,A152,1,A172,2,A191,A201,1
93,A13,24,A34,A42,3617,A65,A75,4,A93,A102,4.0,A124,20,A143,A151,2,A173,1,A191,A201,0
94,A12,12,A32,A40,1318,A64,A75,4,A93,A101,4.0,A121,54,A143,A152,1,A173,1,A192,A201,0
95,A12,54,A30,A49,15945,A61,A72,3,A93,A101,4.0,A124,58,A143,A151,1,A173,1,A192,A201,1
96,A14,12,A34,A46,2012,A65,A74,4,A92,A101,2.0,A123,61,A143,A152,1,A173,1,A191,A201,0
97,A12,18,A32,A49,2622,A62,A73,4,A93,A101,4.0,A123,34,A143,A152,1,A173,1,A191,A201,0
98,A12,36,A34,A43,2337,A61,A75,4,A93,A101,4.0,A121,36,A143,A152,1,A173,1,A191,A201,0
99,A12,20,A33,A41,7057,A65,A74,3,A93,A101,4.0,A122,36,A141,A151,2,A174,2,A192,A201,0
100,A14,24,A32,A40,1469,A62,A75,4,A94,A101,4.0,A121,41,A143,A151,1,A172,1,A191,A201,0
101,A12,36,A32,A43,2323,A61,A74,4,A93,A101,4.0,A123,24,A143,A151,1,A173,1,A191,A201,0
102,A14,6,A33,A43,932,A61,A73,3,A92,A101,2.0,A121,24,A143,A152,1,A173,1,A191,A201,0
103,A12,9,A34,A42,1919,A61,A74,4,A93,A101,3.0,A123,35,A143,A151,1,A173,1,A192,A201,0
104,A14,12,A32,A41,2445,A65,A72,2,A94,A101,4.0,A123,26,A143,A151,1,A173,1,A192,A201,0
107,A12,12,A32,A40,6078,A61,A74,2,A93,A101,2.0,A123,32,A143,A152,1,A173,1,A191,A201,0
108,A11,24,A32,A42,7721,A65,A72,1,A92,A101,2.0,A122,30,A143,A152,1,A173,1,A192,A202,0
109,A12,14,A32,A49,1410,A63,A75,1,A94,A101,2.0,A121,35,A143,A152,1,A173,1,A192,A201,0
110,A12,6,A33,A49,1449,A62,A75,1,A91,A101,2.0,A123,31,A141,A152,2,A173,2,A191,A201,0
111,A13,15,A32,A46,392,A61,A72,4,A92,A101,4.0,A122,23,A143,A151,1,A173,1,A192,A201,0
112,A12,18,A32,A40,6260,A61,A74,3,A93,A101,3.0,A121,28,A143,A151,1,A172,1,A191,A201,0
114,A11,12,A32,A43,1680,A63,A75,3,A94,A101,1.0,A121,35,A143,A152,1,A173,1,A191,A201,0
115,A14,48,A34,A43,3578,A65,A75,4,A93,A101,1.0,A121,47,A143,A152,1,A173,1,A192,A201,0
117,A11,10,A34,A42,2132,A65,A72,2,A92,A102,3.0,A121,27,A143,A151,2,A173,1,A191,A202,0
119,A12,12,A34,A40,2366,A63,A74,3,A91,A101,3.0,A123,36,A143,A152,1,A174,1,A192,A201,0
120,A11,21,A32,A43,1835,A61,A73,3,A92,A101,2.0,A121,25,A143,A152,2,A173,1,A192,A201,1
121,A14,24,A34,A41,3868,A61,A75,4,A92,A101,2.0,A123,41,A143,A151,2,A174,1,A192,A201,0
122,A14,12,A32,A42,1768,A61,A73,3,A93,A101,2.0,A121,24,A143,A151,1,A172,1,A191,A201,0
123,A13,10,A34,A40,781,A61,A75,4,A93,A101,4.0,A124,63,A143,A153,2,A173,1,A192,A201,0
125,A11,12,A34,A40,2121,A61,A73,4,A93,A101,2.0,A122,30,A143,A152,2,A173,1,A191,A201,0
126,A11,12,A32,A43,701,A61,A73,4,A94,A101,2.0,A121,40,A143,A152,1,A172,1,A191,A201,0
128,A12,12,A34,A41,1860,A61,A71,4,A93,A101,2.0,A123,34,A143,A152,2,A174,1,A192,A201,0
129,A11,12,A34,A40,3499,A61,A73,3,A92,A102,2.0,A121,29,A143,A152,2,A173,1,A191,A201,1
130,A12,48,A32,A40,8487,A65,A74,1,A92,A101,2.0,A123,24,A143,A152,1,A173,1,A191,A201,0
131,A11,36,A33,A46,6887,A61,A73,4,A93,A101,3.0,A122,29,A142,A152,1,A173,1,A192,A201,1
132,A14,15,A32,A42,2708,A61,A72,2,A93,A101,3.0,A122,27,A141,A152,2,A172,1,A191,A201,0
133,A14,18,A32,A42,1984,A61,A73,4,A93,A101,4.0,A124,47,A141,A153,2,A173,1,A191,A201,0
134,A14,60,A32,A43,10144,A62,A74,2,A92,A101,4.0,A121,21,A143,A152,1,A173,1,A192,A201,0
135,A14,12,A34,A43,1240,A65,A75,4,A92,A101,2.0,A121,38,A143,A152,2,A173,1,A192,A201,0
136,A14,27,A33,A41,8613,A64,A73,2,A93,A101,2.0,A123,27,A143,A152,2,A173,1,A191,A201,0
138,A12,15,A34,A43,2728,A65,A74,4,A93,A103,2.0,A121,35,A141,A152,3,A173,1,A192,A201,0
139,A13,12,A32,A43,1881,A61,A73,2,A92,A101,2.0,A123,44,A143,A151,1,A172,1,A192,A201,0
140,A13,6,A32,A40,709,A64,A72,2,A94,A101,2.0,A121,27,A143,A152,1,A171,1,A191,A202,0
141,A12,36,A32,A43,4795,A61,A72,4,A92,A101,1.0,A124,30,A143,A152,1,A174,1,A192,A201,0
142,A11,27,A32,A43,3416,A61,A73,3,A93,A101,2.0,A123,27,A143,A152,1,A174,1,A191,A201,0
144,A14,21,A34,A42,2288,A61,A72,4,A92,A101,4.0,A122,23,A143,A152,1,A173,1,A192,A201,0
145,A12,48,A31,A49,3566,A62,A74,4,A93,A101,2.0,A123,30,A143,A152,1,A173,1,A191,A201,0
146,A11,6,A34,A40,860,A61,A75,1,A92,A101,4.0,A124,39,A143,A152,2,A173,1,A192,A201,0
147,A14,12,A34,A40,682,A62,A74,4,A92,A101,3.0,A123,51,A143,A152,2,A173,1,A192,A201,0
148,A11,36,A34,A42,5371,A61,A73,3,A93,A103,2.0,A122,28,A143,A152,2,A173,1,A191,A201,0
149,A14,18,A34,A43,1582,A64,A75,4,A93,A101,4.0,A123,46,A143,A152,2,A173,1,A191,A201,0
150,A14,6,A32,A43,1346,A62,A75,2,A93,A101,4.0,A124,42,A141,A153,1,A173,2,A192,A201,0
151,A14,10,A32,A43,1924,A61,A73,1,A93,A101,4.0,A122,38,A143,A152,1,A173,1,A192,A202,0
152,A13,36,A32,A43,5848,A61,A73,4,A93,A101,1.0,A123,24,A143,A152,1,A173,1,A191,A201,0
153,A12,24,A34,A41,7758,A64,A75,2,A92,A101,4.0,A124,29,A143,A151,1,A173,1,A191,A201,0
154,A12,24,A33,A49,6967,A62,A74,4,A93,A101,4.0,A123,36,A143,A151,1,A174,1,A192,A201,0
156,A11,9,A34,A45,1288,A62,A75,3,A93,A103,4.0,A121,48,A143,A152,2,A173,2,A191,A202,0
157,A11,12,A31,A48,339,A61,A75,4,A94,A101,1.0,A123,45,A141,A152,1,A172,1,A191,A201,0
158,A12,24,A32,A40,3512,A62,A74,2,A93,A101,3.0,A123,38,A141,A152,2,A173,1,A192,A201,0
159,A14,6,A34,A43,1898,A65,A73,1,A93,A101,2.0,A121,34,A143,A152,2,A172,2,A191,A201,0
160,A14,24,A34,A43,2872,A62,A75,3,A93,A101,4.0,A121,36,A143,A152,1,A173,2,A192,A201,0
161,A14,18,A34,A40,1055,A61,A72,4,A92,A101,1.0,A122,30,A143,A152,2,A173,1,A191,A201,0
162,A14,15,A32,A44,1262,A63,A74,4,A93,A101,3.0,A122,36,A143,A152,2,A173,1,A192,A201,0
163,A12,10,A32,A40,7308,A61,A71,2,A93,A101,4.0,A124,70,A141,A153,1,A174,1,A192,A201,0
164,A14,36,A32,A40,909,A63,A75,4,A93,A101,4.0,A122,36,A143,A152,1,A173,1,A191,A201,0
165,A14,6,A32,A42,2978,A63,A73,1,A93,A101,2.0,A123,32,A143,A152,1,A173,1,A192,A201,0
166,A11,18,A32,A42,1131,A61,A71,4,A92,A101,2.0,A123,33,A143,A152,1,A173,1,A191,A201,1
167,A12,11,A32,A42,1577,A64,A72,4,A92,A101,1.0,A121,20,A143,A152,1,A173,1,A191,A201,0
168,A14,24,A32,A42,3972,A61,A74,2,A92,A101,4.0,A122,25,A143,A151,1,A173,1,A192,A201,0
171,A14,12,A32,A42,763,A61,A73,4,A92,A101,1.0,A121,26,A143,A152,1,A173,1,A192,A201,0
173,A12,8,A32,A43,1414,A61,A73,4,A93,A103,2.0,A121,33,A143,A152,1,A173,1,A191,A202,0
176,A11,12,A32,A42,2577,A61,A73,2,A91,A101,1.0,A123,42,A143,A152,1,A173,1,A191,A201,0
177,A11,6,A34,A43,338,A63,A75,4,A93,A101,4.0,A123,52,A143,A152,2,A173,1,A191,A201,0
178,A14,12,A32,A43,1963,A61,A74,4,A93,A101,2.0,A123,31,A143,A151,2,A174,2,A192,A201,0
179,A11,21,A34,A40,571,A61,A75,4,A93,A101,4.0,A121,65,A143,A152,2,A173,1,A191,A201,0
183,A14,24,A34,A42,3777,A64,A73,4,A93,A101,4.0,A121,50,A143,A152,1,A173,1,A192,A201,0
185,A14,15,A34,A43,1360,A61,A73,4,A93,A101,2.0,A122,31,A143,A152,2,A173,1,A191,A201,0
187,A12,16,A34,A40,1175,A61,A71,2,A93,A101,3.0,A123,68,A143,A153,3,A171,1,A192,A201,0
189,A12,18,A30,A42,3244,A61,A73,1,A92,A101,4.0,A123,33,A141,A152,2,A173,1,A192,A201,0
193,A14,6,A32,A43,2108,A61,A74,2,A94,A101,2.0,A121,29,A143,A151,1,A173,1,A191,A201,0
196,A14,6,A34,A43,1382,A61,A73,1,A92,A101,1.0,A123,28,A143,A152,2,A173,1,A192,A201,0
198,A12,24,A32,A41,2760,A65,A75,4,A93,A101,4.0,A124,36,A141,A153,1,A173,1,A192,A201,0
200,A14,9,A34,A46,936,A63,A75,4,A93,A101,2.0,A123,52,A143,A152,2,A173,1,A192,A201,0
201,A11,12,A32,A40,1168,A61,A73,4,A94,A101,3.0,A121,27,A143,A152,1,A172,1,A191,A201,0
202,A14,27,A33,A49,5117,A61,A74,3,A93,A101,4.0,A123,26,A143,A152,2,A173,1,A191,A201,0
203,A11,12,A32,A48,902,A61,A74,4,A94,A101,4.0,A122,21,A143,A151,1,A173,1,A191,A201,1
204,A14,12,A34,A40,1495,A61,A75,4,A93,A101,1.0,A121,38,A143,A152,2,A172,2,A191,A201,0
205,A11,30,A34,A41,10623,A61,A75,3,A93,A101,4.0,A124,38,A143,A153,3,A174,2,A192,A201,0
206,A14,12,A34,A42,1935,A61,A75,4,A93,A101,4.0,A121,43,A143,A152,3,A173,1,A192,A201,0
207,A12,12,A34,A44,1424,A61,A74,4,A93,A101,3.0,A122,26,A143,A152,1,A173,1,A191,A201,0
208,A11,24,A32,A49,6568,A61,A73,2,A94,A101,2.0,A123,21,A142,A152,1,A172,1,A191,A201,0
209,A14,12,A32,A41,1413,A64,A74,3,A93,A101,2.0,A122,55,A143,A152,1,A173,1,A191,A202,0
210,A14,9,A34,A43,3074,A65,A73,1,A93,A101,2.0,A121,33,A143,A152,2,A173,2,A191,A201,0
211,A14,36,A32,A43,3835,A65,A75,2,A92,A101,4.0,A121,45,A143,A152,1,A172,1,A192,A201,0
214,A14,36,A34,A43,3342,A65,A75,4,A93,A101,2.0,A123,51,A143,A152,1,A173,1,A192,A201,0
215,A12,6,A34,A48,932,A65,A74,1,A92,A101,3.0,A122,39,A143,A152,2,A172,1,A191,A201,0
216,A11,18,A30,A49,3104,A61,A74,3,A93,A101,1.0,A122,31,A141,A152,1,A173,1,A192,A201,0
217,A13,36,A32,A43,3913,A61,A73,2,A93,A101,2.0,A121,23,A143,A152,1,A173,1,A192,A201,0
218,A11,24,A32,A42,3021,A61,A73,2,A91,A101,2.0,A121,24,A143,A151,1,A172,1,A191,A201,0
219,A14,10,A32,A40,1364,A61,A73,2,A92,A101,4.0,A123,64,A143,A152,1,A173,1,A192,A201,0
220,A12,12,A32,A43,625,A61,A72,4,A94,A103,1.0,A121,26,A141,A152,1,A172,1,A191,A201,0
221,A11,12,A32,A46,1200,A65,A73,4,A92,A101,4.0,A122,23,A141,A151,1,A173,1,A192,A201,0
222,A14,12,A32,A43,707,A61,A73,4,A93,A101,2.0,A121,30,A141,A152,2,A173,1,A191,A201,0
223,A14,24,A33,A49,2978,A65,A73,4,A93,A101,4.0,A121,32,A143,A152,2,A173,2,A192,A201,0
224,A14,15,A32,A41,4657,A61,A73,3,A93,A101,2.0,A123,30,A143,A152,1,A173,1,A192,A201,0
225,A14,36,A30,A45,2613,A61,A73,4,A93,A101,2.0,A123,27,A143,A152,2,A173,1,A191,A201,0
228,A14,9,A32,A43,1478,A61,A74,4,A93,A101,2.0,A123,22,A143,A152,1,A173,1,A191,A201,1
229,A11,24,A32,A42,3149,A61,A72,4,A93,A101,1.0,A124,22,A141,A153,1,A173,1,A191,A201,0
231,A14,9,A32,A40,2507,A63,A75,2,A93,A101,4.0,A124,51,A143,A153,1,A172,1,A191,A201,0
232,A14,12,A32,A43,2141,A62,A74,3,A93,A101,1.0,A124,35,A143,A152,1,A173,1,A191,A201,0
233,A12,18,A32,A43,866,A61,A73,4,A94,A103,2.0,A121,25,A143,A152,1,A172,1,A191,A201,0
234,A14,4,A34,A43,1544,A61,A74,2,A93,A101,1.0,A121,42,A143,A152,3,A172,2,A191,A201,0
235,A11,24,A32,A43,1823,A61,A71,4,A93,A101,2.0,A123,30,A142,A152,1,A174,2,A191,A201,1
238,A14,12,A34,A43,1291,A61,A73,4,A92,A101,2.0,A122,35,A143,A152,2,A173,1,A191,A201,0
239,A11,30,A32,A43,2522,A61,A75,1,A93,A103,3.0,A122,39,A143,A152,1,A173,2,A191,A201,0
241,A14,6,A32,A43,1595,A61,A74,3,A93,A101,2.0,A122,51,A143,A152,1,A173,2,A191,A201,0
243,A14,12,A34,A49,1185,A61,A73,3,A92,A101,2.0,A121,27,A143,A152,2,A173,1,A191,A201,0
244,A14,12,A31,A48,3447,A63,A73,4,A92,A101,3.0,A121,35,A143,A152,1,A172,2,A191,A201,0
245,A14,24,A32,A49,1258,A61,A74,4,A93,A101,1.0,A121,25,A143,A152,1,A173,1,A192,A201,0
246,A14,12,A34,A43,717,A61,A75,4,A93,A101,4.0,A121,52,A143,A152,3,A173,1,A191,A201,0
247,A14,6,A30,A40,1204,A62,A73,4,A93,A101,1.0,A124,35,A141,A151,1,A173,1,A191,A202,0
248,A13,24,A32,A42,1925,A61,A73,2,A93,A101,2.0,A121,26,A143,A152,1,A173,1,A191,A201,0
250,A11,6,A34,A40,666,A64,A74,3,A92,A101,4.0,A121,39,A143,A152,2,A172,1,A192,A201,0
251,A13,12,A32,A42,2251,A61,A73,1,A92,A101,2.0,A123,46,A143,A152,1,A172,1,A191,A201,0
252,A12,30,A32,A40,2150,A61,A73,4,A92,A103,2.0,A124,24,A141,A152,1,A173,1,A191,A201,1
253,A14,24,A33,A42,4151,A62,A73,2,A93,A101,3.0,A122,35,A143,A152,2,A173,1,A191,A201,0
254,A12,9,A32,A42,2030,A65,A74,2,A93,A101,1.0,A123,24,A143,A152,1,A173,1,A192,A201,0
255,A12,60,A33,A43,7418,A65,A73,1,A93,A101,1.0,A121,27,A143,A152,1,A172,1,A191,A201,0
256,A14,24,A34,A43,2684,A61,A73,4,A93,A101,2.0,A121,35,A143,A152,2,A172,1,A191,A201,0
258,A14,15,A32,A41,3812,A62,A72,1,A92,A101,4.0,A123,23,A143,A152,1,A173,1,A192,A201,0
259,A14,11,A34,A43,1154,A62,A71,4,A92,A101,4.0,A121,57,A143,A152,3,A172,1,A191,A201,0
260,A11,12,A32,A42,1657,A61,A73,2,A93,A101,2.0,A121,27,A143,A152,1,A173,1,A191,A201,0
261,A11,24,A32,A43,1603,A61,A75,4,A92,A101,4.0,A123,55,A143,A152,1,A173,1,A191,A201,0
262,A11,18,A34,A40,5302,A61,A75,2,A93,A101,4.0,A124,36,A143,A153,3,A174,1,A192,A201,0
263,A14,12,A34,A46,2748,A61,A75,2,A92,A101,4.0,A124,57,A141,A153,3,A172,1,A191,A201,0
264,A14,10,A34,A40,1231,A61,A75,3,A93,A101,4.0,A121,32,A143,A152,2,A172,2,A191,A202,0
266,A14,36,A34,A49,6304,A65,A75,4,A93,A101,4.0,A121,36,A143,A152,2,A173,1,A191,A201,0
267,A14,24,A32,A43,1533,A61,A72,4,A92,A101,3.0,A123,38,A142,A152,1,A173,1,A192,A201,0
269,A14,24,A32,A43,999,A65,A75,4,A93,A101,2.0,A123,25,A143,A152,2,A173,1,A191,A201,0
270,A14,18,A32,A40,2662,A65,A74,4,A93,A101,3.0,A122,32,A143,A152,1,A173,1,A191,A202,0
271,A14,12,A34,A42,1402,A63,A74,3,A92,A101,4.0,A123,37,A143,A151,1,A173,1,A192,A201,0
272,A12,48,A31,A40,12169,A65,A71,4,A93,A102,4.0,A124,36,A143,A153,1,A174,1,A192,A201,0
275,A14,9,A32,A43,2697,A61,A73,1,A93,A101,2.0,A121,32,A143,A152,1,A173,2,A191,A201,0
276,A14,18,A34,A43,2404,A61,A73,2,A92,A101,2.0,A123,26,A143,A152,2,A173,1,A191,A201,0
277,A11,12,A32,A42,1262,A65,A75,2,A91,A101,4.0,A122,49,A143,A152,1,A172,1,A192,A201,0
279,A14,24,A32,A43,1901,A62,A73,4,A93,A101,4.0,A123,29,A143,A151,1,A174,1,A192,A201,0
280,A14,15,A34,A41,3368,A64,A75,3,A93,A101,4.0,A124,23,A143,A151,2,A173,1,A192,A201,0
281,A14,12,A32,A42,1574,A61,A73,4,A93,A101,2.0,A121,50,A143,A152,1,A173,1,A191,A201,0
282,A13,18,A31,A43,1445,A65,A74,4,A93,A101,4.0,A123,49,A141,A152,1,A172,1,A191,A201,0
283,A14,15,A34,A42,1520,A65,A75,4,A93,A101,4.0,A122,63,A143,A152,1,A173,1,A191,A201,0
284,A12,24,A34,A40,3878,A62,A72,4,A91,A101,2.0,A123,37,A143,A152,1,A173,1,A192,A201,0
285,A11,47,A32,A40,10722,A61,A72,1,A92,A101,1.0,A121,35,A143,A152,1,A172,1,A192,A201,0
286,A11,48,A32,A41,4788,A61,A74,4,A93,A101,3.0,A122,26,A143,A152,1,A173,2,A191,A201,0
287,A12,48,A33,A410,7582,A62,A71,2,A93,A101,4.0,A124,31,A143,A153,1,A174,1,A192,A201,0
288,A12,12,A32,A43,1092,A61,A73,4,A92,A103,4.0,A121,49,A143,A152,2,A173,1,A192,A201,0
290,A14,12,A32,A49,1076,A61,A73,2,A94,A101,2.0,A121,26,A143,A152,1,A173,1,A192,A202,0
292,A11,24,A34,A41,6419,A61,A75,2,A92,A101,4.0,A124,44,A143,A153,2,A174,2,A192,A201,0
293,A13,42,A34,A41,4796,A61,A75,4,A93,A101,4.0,A124,56,A143,A153,1,A173,1,A191,A201,0
294,A14,48,A34,A49,7629,A65,A75,4,A91,A101,2.0,A123,46,A141,A152,2,A174,2,A191,A201,0
296,A14,12,A32,A41,4675,A65,A72,1,A92,A101,4.0,A123,20,A143,A151,1,A173,1,A191,A201,0
297,A14,10,A32,A40,1287,A65,A75,4,A93,A102,2.0,A122,45,A143,A152,1,A172,1,A191,A202,0
298,A14,18,A32,A42,2515,A61,A73,3,A93,A101,4.0,A121,43,A143,A152,1,A173,1,A192,A201,0
299,A12,21,A34,A42,2745,A64,A74,3,A93,A101,2.0,A123,32,A143,A152,2,A173,1,A192,A201,0
300,A14,6,A32,A40,672,A61,A71,1,A92,A101,4.0,A121,54,A143,A152,1,A171,1,A192,A201,0
301,A12,36,A30,A43,3804,A61,A73,4,A92,A101,1.0,A123,42,A143,A152,1,A173,1,A192,A201,1
303,A11,10,A34,A40,1038,A61,A74,4,A93,A102,3.0,A122,49,A143,A152,2,A173,1,A192,A201,0
305,A14,6,A32,A42,1543,A64,A73,4,A91,A101,2.0,A121,33,A143,A152,1,A173,1,A191,A201,0
306,A14,30,A32,A41,4811,A65,A74,2,A92,A101,4.0,A122,24,A142,A151,1,A172,1,A191,A201,0
309,A12,9,A32,A40,276,A61,A73,4,A94,A101,4.0,A121,22,A143,A151,1,A172,1,A191,A201,0
310,A12,48,A32,A410,5381,A65,A71,3,A93,A101,4.0,A124,40,A141,A153,1,A171,1,A192,A201,0
311,A14,24,A32,A42,5511,A62,A73,4,A93,A101,1.0,A123,25,A142,A152,1,A173,1,A191,A201,0
312,A13,24,A32,A42,3749,A61,A72,2,A92,A101,4.0,A123,26,A143,A152,1,A173,1,A191,A201,0
314,A13,4,A32,A40,1494,A65,A72,1,A93,A101,2.0,A121,29,A143,A152,1,A172,2,A191,A202,0
316,A11,12,A32,A42,708,A61,A73,2,A93,A103,3.0,A122,38,A143,A152,1,A172,2,A191,A201,0
317,A12,24,A32,A42,4351,A65,A73,1,A92,A101,4.0,A122,48,A143,A152,1,A172,1,A192,A201,0
318,A14,12,A34,A46,701,A61,A73,4,A93,A101,2.0,A123,32,A143,A152,2,A173,1,A191,A201,0
319,A11,15,A33,A42,3643,A61,A75,1,A92,A101,4.0,A122,27,A143,A152,2,A172,1,A191,A201,0
322,A11,24,A32,A41,2910,A61,A74,2,A93,A101,1.0,A124,34,A143,A153,1,A174,1,A192,A201,0
323,A11,18,A32,A42,2659,A64,A73,4,A93,A101,2.0,A123,28,A143,A152,1,A173,1,A191,A201,0
324,A14,18,A34,A40,1028,A61,A73,4,A92,A101,3.0,A121,36,A143,A152,2,A173,1,A191,A201,0
325,A11,8,A34,A40,3398,A61,A74,1,A93,A101,4.0,A121,39,A143,A152,2,A172,1,A191,A202,0
326,A14,12,A34,A42,5801,A65,A75,2,A93,A101,4.0,A122,49,A143,A151,1,A173,1,A192,A201,0
327,A14,24,A32,A40,1525,A64,A74,4,A92,A101,3.0,A123,34,A143,A152,1,A173,2,A192,A201,0
328,A13,36,A32,A43,4473,A61,A75,4,A93,A101,2.0,A123,31,A143,A152,1,A173,1,A191,A201,0
329,A12,6,A32,A43,1068,A61,A75,4,A93,A101,4.0,A123,28,A143,A152,1,A173,2,A191,A201,0
330,A11,24,A34,A41,6615,A61,A71,2,A93,A101,4.0,A124,75,A143,A153,2,A174,1,A192,A201,0
333,A14,48,A34,A41,11590,A62,A73,2,A92,A101,4.0,A123,24,A141,A151,2,A172,1,A191,A201,1
336,A12,13,A32,A43,2101,A61,A72,2,A92,A103,4.0,A122,23,A143,A152,1,A172,1,A191,A201,0
337,A11,15,A32,A44,1275,A65,A73,4,A92,A101,2.0,A123,24,A143,A151,1,A173,1,A191,A201,1
338,A11,24,A32,A42,4169,A61,A73,4,A93,A101,4.0,A122,28,A143,A152,1,A173,1,A191,A201,0
339,A12,10,A32,A42,1521,A61,A73,4,A91,A101,2.0,A123,31,A143,A152,1,A172,1,A191,A201,0
340,A12,24,A34,A46,5743,A61,A72,2,A92,A101,4.0,A124,24,A143,A153,2,A173,1,A192,A201,0
341,A11,21,A32,A42,3599,A61,A74,1,A92,A101,4.0,A123,26,A143,A151,1,A172,1,A191,A201,0
342,A12,18,A32,A43,3213,A63,A72,1,A94,A101,3.0,A121,25,A143,A151,1,A173,1,A191,A201,0
343,A12,18,A32,A49,4439,A61,A75,1,A93,A102,1.0,A121,33,A141,A152,1,A174,1,A192,A201,0
344,A13,10,A32,A40,3949,A61,A72,1,A93,A103,1.0,A122,37,A143,A152,1,A172,2,A191,A201,0
345,A14,15,A34,A43,1459,A61,A73,4,A92,A101,2.0,A123,43,A143,A152,1,A172,1,A191,A201,0
346,A12,13,A34,A43,882,A61,A72,4,A93,A103,4.0,A121,23,A143,A152,2,A173,1,A191,A201,0
347,A12,24,A32,A43,3758,A63,A71,1,A92,A101,4.0,A124,23,A143,A151,1,A171,1,A191,A201,0
348,A14,6,A33,A49,1743,A62,A73,1,A93,A101,2.0,A121,34,A143,A152,2,A172,1,A191,A201,0
350,A14,9,A32,A44,1236,A61,A72,1,A92,A101,4.0,A121,23,A143,A151,1,A173,1,A192,A201,0
352,A14,18,A34,A41,3229,A65,A71,2,A93,A101,4.0,A124,38,A143,A152,1,A174,1,A192,A201,0
354,A14,10,A32,A46,727,A63,A75,4,A93,A101,4.0,A124,46,A143,A153,1,A173,1,A192,A201,0
356,A14,12,A34,A43,2331,A65,A75,1,A93,A102,4.0,A121,49,A143,A152,1,A173,1,A192,A201,0
358,A14,12,A32,A43,776,A61,A73,4,A94,A101,2.0,A121,28,A143,A152,1,A173,1,A191,A201,0
359,A11,30,A32,A42,2406,A61,A74,4,A92,A101,4.0,A121,23,A143,A151,1,A173,1,A191,A201,1
360,A12,18,A32,A46,1239,A65,A73,4,A93,A101,4.0,A124,61,A143,A153,1,A173,1,A191,A201,0
361,A13,12,A32,A43,3399,A65,A75,2,A93,A101,3.0,A123,37,A143,A152,1,A174,1,A191,A201,0
362,A13,12,A33,A40,2247,A61,A73,2,A92,A101,2.0,A123,36,A142,A152,2,A173,1,A192,A201,0
363,A14,6,A32,A42,1766,A61,A73,1,A94,A101,2.0,A122,21,A143,A151,1,A173,1,A191,A201,0
365,A14,12,A32,A49,1542,A61,A74,2,A93,A101,4.0,A123,36,A143,A152,1,A173,1,A192,A201,0
366,A14,18,A34,A41,3850,A61,A74,3,A93,A101,1.0,A123,27,A143,A152,2,A173,1,A191,A201,0
367,A11,18,A32,A42,3650,A61,A72,1,A92,A101,4.0,A123,22,A143,A151,1,A173,1,A191,A201,0
369,A12,18,A32,A42,3001,A61,A74,2,A92,A101,4.0,A121,40,A143,A151,1,A173,1,A191,A201,0
370,A14,36,A32,A40,3079,A65,A73,4,A93,A101,4.0,A121,36,A143,A152,1,A173,1,A191,A201,0
371,A14,18,A34,A43,6070,A61,A75,3,A93,A101,4.0,A123,33,A143,A152,2,A173,1,A192,A201,0
372,A14,10,A34,A42,2146,A61,A72,1,A92,A101,3.0,A121,23,A143,A151,2,A173,1,A191,A201,0
373,A14,60,A34,A40,13756,A65,A75,2,A93,A101,4.0,A124,63,A141,A153,1,A174,1,A192,A201,0
376,A14,18,A33,A43,2320,A61,A71,2,A94,A101,3.0,A121,34,A143,A152,2,A173,1,A191,A201,0
377,A14,7,A33,A43,846,A65,A75,3,A93,A101,4.0,A124,36,A143,A153,1,A173,1,A191,A201,0
379,A14,6,A34,A40,362,A62,A73,4,A92,A101,4.0,A123,52,A143,A152,2,A172,1,A191,A201,0
380,A11,20,A32,A42,2212,A65,A74,4,A93,A101,4.0,A123,39,A143,A152,1,A173,1,A192,A201,0
382,A14,22,A32,A40,1283,A65,A74,4,A92,A101,4.0,A122,25,A143,A151,1,A173,1,A191,A201,0
383,A13,12,A32,A40,1330,A61,A72,4,A93,A101,1.0,A121,26,A143,A152,1,A173,1,A191,A201,0
384,A14,30,A33,A49,4272,A62,A73,2,A93,A101,2.0,A122,26,A143,A152,2,A172,1,A191,A201,0
385,A14,18,A34,A43,2238,A61,A73,2,A92,A101,1.0,A123,25,A143,A152,2,A173,1,A191,A201,0
386,A14,18,A32,A43,1126,A65,A72,4,A92,A101,2.0,A121,21,A143,A151,1,A173,1,A192,A201,0
387,A12,18,A34,A42,7374,A61,A71,4,A93,A101,4.0,A122,40,A142,A152,2,A174,1,A192,A201,0
388,A12,15,A34,A49,2326,A63,A73,2,A93,A101,4.0,A123,27,A141,A152,1,A173,1,A191,A201,0
389,A14,9,A32,A49,1449,A61,A74,3,A92,A101,2.0,A123,27,A143,A152,2,A173,1,A191,A201,0
390,A14,18,A32,A40,1820,A61,A73,2,A94,A101,2.0,A122,30,A143,A152,1,A174,1,A192,A201,0
391,A12,12,A32,A42,983,A64,A72,1,A92,A101,4.0,A121,19,A143,A151,1,A172,1,A191,A201,0
392,A11,36,A32,A40,3249,A61,A74,2,A93,A101,4.0,A124,39,A141,A153,1,A174,2,A192,A201,0
393,A11,6,A34,A43,1957,A61,A74,1,A92,A101,4.0,A123,31,A143,A152,1,A173,1,A191,A201,0
394,A14,9,A34,A42,2406,A61,A71,2,A93,A101,3.0,A123,31,A143,A152,1,A174,1,A191,A201,0
395,A12,39,A33,A46,11760,A62,A74,2,A93,A101,3.0,A124,32,A143,A151,1,A173,1,A192,A201,0
396,A11,12,A32,A42,2578,A61,A71,3,A92,A101,4.0,A124,55,A143,A153,1,A174,1,A191,A201,0
397,A11,36,A34,A42,2348,A61,A73,3,A94,A101,2.0,A122,46,A143,A152,2,A173,1,A192,A201,0
399,A14,24,A34,A43,1516,A64,A73,4,A92,A101,1.0,A121,43,A143,A152,2,A172,1,A191,A201,0
400,A14,18,A32,A43,1473,A61,A72,3,A94,A101,4.0,A121,39,A143,A152,1,A173,1,A192,A201,0
401,A12,18,A34,A49,1887,A65,A73,4,A94,A101,4.0,A121,28,A141,A152,2,A173,1,A191,A201,0
403,A14,14,A33,A40,802,A61,A73,4,A93,A101,2.0,A123,27,A143,A152,2,A172,1,A191,A201,0
404,A12,18,A33,A40,2899,A65,A75,4,A93,A101,4.0,A123,43,A143,A152,1,A173,2,A191,A201,0
406,A14,24,A34,A41,2197,A65,A74,4,A93,A101,4.0,A123,43,A143,A152,2,A173,2,A192,A201,0
407,A11,15,A32,A43,1053,A61,A72,4,A94,A101,2.0,A121,27,A143,A152,1,A173,1,A191,A202,0
408,A14,24,A32,A43,3235,A63,A75,3,A91,A101,2.0,A123,26,A143,A152,1,A174,1,A192,A201,0
409,A13,12,A34,A40,939,A63,A74,4,A94,A101,2.0,A121,28,A143,A152,3,A173,1,A192,A201,1
410,A12,24,A32,A43,1967,A61,A75,4,A92,A101,4.0,A123,20,A143,A152,1,A173,1,A192,A201,0
411,A14,33,A34,A41,7253,A61,A74,3,A93,A101,2.0,A123,35,A143,A152,2,A174,1,A192,A201,0
413,A14,10,A32,A40,1597,A63,A73,3,A93,A101,2.0,A124,40,A143,A151,1,A172,2,A191,A202,0
415,A14,36,A34,A41,5842,A61,A75,2,A93,A101,2.0,A122,35,A143,A152,2,A173,2,A192,A201,0
417,A11,18,A33,A46,8471,A65,A73,1,A92,A101,2.0,A123,23,A143,A151,2,A173,1,A192,A201,0
418,A14,21,A32,A40,2782,A63,A74,1,A92,A101,2.0,A123,31,A141,A152,1,A174,1,A191,A201,0
419,A12,18,A32,A40,1042,A65,A73,4,A92,A101,2.0,A122,33,A143,A152,1,A173,1,A191,A201,1
420,A14,15,A32,A40,3186,A64,A74,2,A92,A101,3.0,A123,20,A143,A151,1,A173,1,A191,A201,0
421,A12,12,A32,A41,2028,A65,A73,4,A93,A101,2.0,A123,30,A143,A152,1,A173,1,A191,A201,0
422,A12,12,A34,A40,958,A61,A74,2,A93,A101,3.0,A121,47,A143,A152,2,A172,2,A191,A201,0
423,A14,21,A33,A42,1591,A62,A74,4,A93,A101,3.0,A121,34,A143,A152,2,A174,1,A191,A201,0
425,A12,18,A32,A41,2779,A61,A73,1,A94,A101,3.0,A123,21,A143,A151,1,A173,1,A192,A201,0
426,A14,28,A34,A43,2743,A61,A75,4,A93,A101,2.0,A123,29,A143,A152,2,A173,1,A191,A201,0
427,A14,18,A34,A43,1149,A64,A73,4,A93,A101,3.0,A121,46,A143,A152,2,A173,1,A191,A201,0
428,A14,9,A32,A42,1313,A61,A75,1,A93,A101,4.0,A123,20,A143,A152,1,A173,1,A191,A201,0
430,A14,5,A32,A49,3448,A61,A74,1,A93,A101,4.0,A121,74,A143,A152,1,A172,1,A191,A201,0
432,A11,6,A34,A42,1872,A61,A71,4,A93,A101,4.0,A124,36,A143,A153,3,A174,1,A192,A201,0
433,A14,24,A34,A45,2058,A61,A73,4,A91,A101,2.0,A121,33,A143,A152,2,A173,1,A192,A201,0
434,A11,9,A32,A42,2136,A61,A73,3,A93,A101,2.0,A121,25,A143,A152,1,A173,1,A191,A201,0
436,A14,6,A32,A45,660,A63,A74,2,A94,A101,4.0,A121,23,A143,A151,1,A172,1,A191,A201,0
437,A14,24,A34,A40,1287,A64,A75,4,A92,A101,4.0,A121,37,A143,A152,2,A173,1,A192,A201,0
438,A11,42,A34,A45,3394,A61,A71,4,A93,A102,4.0,A123,65,A143,A152,2,A171,1,A191,A201,0
440,A14,12,A32,A40,1884,A61,A75,4,A93,A101,4.0,A123,39,A143,A152,1,A174,1,A192,A201,0
441,A11,12,A32,A42,1620,A61,A73,2,A92,A102,3.0,A122,30,A143,A152,1,A173,1,A191,A201,0
442,A12,20,A33,A410,2629,A61,A73,2,A93,A101,3.0,A123,29,A141,A152,2,A173,1,A192,A201,0
444,A12,48,A34,A42,5096,A61,A73,2,A92,A101,3.0,A123,30,A143,A152,1,A174,1,A192,A201,1
445,A14,9,A34,A46,1244,A65,A75,4,A92,A101,4.0,A122,41,A143,A151,2,A172,1,A191,A201,0
447,A12,7,A32,A43,2576,A61,A73,2,A93,A103,2.0,A121,35,A143,A152,1,A173,1,A191,A201,0
448,A13,12,A32,A42,1424,A65,A75,3,A92,A101,4.0,A121,55,A143,A152,1,A174,1,A192,A201,0
450,A14,36,A34,A41,11054,A65,A73,4,A93,A101,2.0,A123,30,A143,A152,1,A174,1,A192,A201,0
451,A14,6,A32,A43,518,A61,A73,3,A92,A101,1.0,A121,29,A143,A152,1,A173,1,A191,A201,0
452,A14,12,A30,A42,2759,A61,A75,2,A93,A101,4.0,A122,34,A143,A152,2,A173,1,A191,A201,0
453,A14,24,A32,A41,2670,A61,A75,4,A93,A101,4.0,A123,35,A143,A152,1,A174,1,A192,A201,0
455,A14,24,A32,A41,2679,A61,A72,4,A92,A101,1.0,A124,29,A143,A152,1,A174,1,A192,A201,0
456,A11,11,A34,A40,3905,A61,A73,2,A93,A101,2.0,A121,36,A143,A151,2,A173,2,A191,A201,0
458,A11,6,A32,A44,343,A61,A72,4,A92,A101,1.0,A121,27,A143,A152,1,A173,1,A191,A201,0
459,A14,18,A32,A43,4594,A61,A72,3,A93,A101,2.0,A123,32,A143,A152,1,A173,1,A192,A201,0
460,A11,36,A32,A42,3620,A61,A73,1,A93,A103,2.0,A122,37,A143,A152,1,A173,2,A191,A201,0
461,A11,15,A32,A40,1721,A61,A72,2,A93,A101,3.0,A121,36,A143,A152,1,A173,1,A191,A201,0
462,A12,12,A32,A42,3017,A61,A72,3,A92,A101,1.0,A121,34,A143,A151,1,A174,1,A191,A201,0
463,A12,12,A32,A48,754,A65,A75,4,A93,A101,4.0,A122,38,A143,A152,2,A173,1,A191,A201,0
464,A14,18,A32,A49,1950,A61,A74,4,A93,A101,1.0,A123,34,A142,A152,2,A173,1,A192,A201,0
465,A11,24,A32,A41,2924,A61,A73,3,A93,A103,4.0,A124,63,A141,A152,1,A173,2,A192,A201,0
466,A11,24,A33,A43,1659,A61,A72,4,A92,A101,2.0,A123,29,A143,A151,1,A172,1,A192,A201,1
467,A14,48,A33,A43,7238,A65,A75,3,A93,A101,3.0,A123,32,A141,A152,2,A173,2,A191,A201,0
468,A14,33,A33,A49,2764,A61,A73,2,A92,A101,2.0,A123,26,A143,A152,2,A173,1,A192,A201,0
469,A14,24,A33,A41,4679,A61,A74,3,A93,A101,3.0,A123,35,A143,A152,2,A172,1,A192,A201,0
470,A12,24,A32,A43,3092,A62,A72,3,A94,A101,2.0,A123,22,A143,A151,1,A173,1,A192,A201,1
473,A14,6,A32,A48,1238,A65,A71,4,A93,A101,4.0,A122,36,A143,A152,1,A174,2,A192,A201,0
475,A11,18,A30,A42,3114,A61,A72,1,A92,A101,4.0,A122,26,A143,A151,1,A173,1,A191,A201,1
476,A14,39,A32,A41,2569,A63,A73,4,A93,A101,4.0,A123,24,A143,A152,1,A173,1,A191,A201,0
477,A13,24,A32,A43,5152,A61,A74,4,A93,A101,2.0,A123,25,A141,A152,1,A173,1,A191,A201,0
478,A12,12,A32,A49,1037,A62,A74,3,A93,A101,4.0,A121,39,A143,A152,1,A172,1,A191,A201,0
479,A11,15,A34,A42,1478,A61,A75,4,A93,A101,4.0,A123,44,A143,A152,2,A173,2,A192,A201,0
480,A12,12,A34,A43,3573,A61,A73,1,A92,A101,1.0,A121,23,A143,A152,1,A172,1,A191,A201,0
481,A12,24,A32,A40,1201,A61,A72,4,A93,A101,1.0,A122,26,A143,A152,1,A173,1,A191,A201,0
482,A11,30,A32,A42,3622,A64,A75,4,A92,A101,4.0,A122,57,A143,A151,2,A173,1,A192,A201,0
483,A14,15,A33,A42,960,A64,A74,3,A92,A101,2.0,A122,30,A143,A152,2,A173,1,A191,A201,0
484,A14,12,A34,A40,1163,A63,A73,4,A93,A101,4.0,A121,44,A143,A152,1,A173,1,A192,A201,0
486,A14,12,A32,A43,3077,A61,A73,2,A93,A101,4.0,A123,52,A143,A152,1,A173,1,A192,A201,0
487,A14,24,A32,A40,3757,A61,A75,4,A92,A102,4.0,A124,62,A143,A153,1,A173,1,A192,A201,0
488,A14,10,A32,A40,1418,A62,A73,3,A93,A101,2.0,A121,35,A143,A151,1,A172,1,A191,A202,0
489,A14,6,A32,A40,3518,A61,A73,2,A93,A103,3.0,A122,26,A143,A151,1,A173,1,A191,A201,0
490,A14,12,A34,A43,1934,A61,A75,2,A93,A101,2.0,A124,26,A143,A152,2,A173,1,A191,A201,0
492,A14,6,A34,A43,1237,A62,A73,1,A92,A101,1.0,A122,27,A143,A152,2,A173,1,A191,A201,0
493,A12,6,A32,A43,368,A65,A75,4,A93,A101,4.0,A122,38,A143,A152,1,A173,1,A191,A201,0
494,A11,12,A34,A40,2122,A61,A73,3,A93,A101,2.0,A121,39,A143,A151,2,A172,2,A191,A202,0
496,A12,36,A32,A42,9034,A62,A72,4,A93,A102,1.0,A124,29,A143,A151,1,A174,1,A192,A201,1
497,A14,24,A34,A42,1585,A61,A74,4,A93,A101,3.0,A122,40,A143,A152,2,A173,1,A191,A201,0
498,A12,18,A32,A43,1301,A61,A75,4,A94,A103,2.0,A121,32,A143,A152,1,A172,1,A191,A201,0
499,A13,6,A34,A40,1323,A62,A75,2,A91,A101,4.0,A123,28,A143,A152,2,A173,2,A192,A201,0
501,A11,36,A32,A41,5493,A61,A75,2,A93,A101,4.0,A124,42,A143,A153,1,A173,2,A191,A201,0
502,A13,9,A32,A43,1126,A62,A75,2,A91,A101,4.0,A121,49,A143,A152,1,A173,1,A191,A201,0
503,A12,24,A34,A43,1216,A62,A72,4,A93,A101,4.0,A124,38,A141,A152,2,A173,2,A191,A201,1
504,A11,24,A32,A40,1207,A61,A72,4,A92,A101,4.0,A122,24,A143,A151,1,A173,1,A191,A201,1
506,A13,15,A34,A41,2360,A63,A73,2,A93,A101,2.0,A123,36,A143,A152,1,A173,1,A192,A201,0
508,A14,24,A32,A43,1413,A61,A73,4,A94,A101,2.0,A122,28,A143,A152,1,A173,1,A191,A201,0
509,A14,39,A32,A41,8588,A62,A75,4,A93,A101,2.0,A123,45,A143,A152,1,A174,1,A192,A201,0
511,A14,36,A32,A41,4686,A61,A73,2,A93,A101,2.0,A124,32,A143,A153,1,A174,1,A192,A201,0
512,A13,15,A32,A49,2687,A61,A74,2,A93,A101,4.0,A122,26,A143,A151,1,A173,1,A192,A201,0
513,A12,12,A33,A43,585,A61,A73,4,A94,A102,4.0,A121,20,A143,A151,2,A173,1,A191,A201,0
514,A14,24,A32,A40,2255,A65,A72,4,A93,A101,1.0,A122,54,A143,A152,1,A173,1,A191,A201,0
515,A11,6,A34,A40,609,A61,A74,4,A92,A101,3.0,A122,37,A143,A152,2,A173,1,A191,A202,0
516,A11,6,A34,A40,1361,A61,A72,2,A93,A101,4.0,A121,40,A143,A152,1,A172,2,A191,A202,0
518,A11,6,A32,A40,1203,A62,A75,3,A93,A101,2.0,A122,43,A143,A152,1,A173,1,A192,A201,0
519,A14,6,A34,A43,700,A65,A75,4,A93,A101,4.0,A124,36,A143,A153,2,A173,1,A191,A201,0
520,A14,24,A34,A45,5507,A61,A75,3,A93,A101,4.0,A124,44,A143,A153,2,A173,1,A191,A201,0
522,A11,48,A30,A42,7119,A61,A73,3,A93,A101,4.0,A124,53,A143,A153,2,A173,2,A191,A201,1
523,A14,24,A32,A41,3488,A62,A74,3,A92,A101,4.0,A123,23,A143,A152,1,A173,1,A191,A201,0
524,A12,18,A32,A43,1113,A61,A73,4,A92,A103,4.0,A121,26,A143,A152,1,A172,2,A191,A201,0
525,A12,26,A32,A41,7966,A61,A72,2,A93,A101,3.0,A123,30,A143,A152,2,A173,1,A191,A201,0
526,A14,15,A34,A46,1532,A62,A73,4,A92,A101,3.0,A123,31,A143,A152,1,A173,1,A191,A201,0
527,A14,4,A34,A43,1503,A61,A74,2,A93,A101,1.0,A121,42,A143,A152,2,A172,2,A191,A201,0
529,A11,6,A32,A40,662,A61,A72,3,A93,A101,4.0,A121,41,A143,A152,1,A172,2,A192,A201,0
530,A12,36,A32,A46,2273,A61,A74,3,A93,A101,1.0,A123,32,A143,A152,2,A173,2,A191,A201,0
532,A14,12,A33,A41,1503,A61,A73,4,A94,A101,4.0,A121,41,A143,A151,1,A173,1,A191,A201,0
533,A14,24,A32,A43,1311,A62,A74,4,A94,A101,3.0,A122,26,A143,A152,1,A173,1,A192,A201,0
534,A14,24,A32,A43,3105,A65,A72,4,A93,A101,2.0,A123,25,A143,A152,2,A173,1,A191,A201,0
536,A11,6,A32,A40,1374,A65,A71,4,A92,A101,3.0,A122,75,A143,A152,1,A174,1,A192,A201,0
537,A12,18,A34,A42,3612,A61,A75,3,A92,A101,4.0,A122,37,A143,A152,1,A173,1,A192,A201,0
539,A13,18,A32,A42,3049,A61,A72,1,A92,A101,1.0,A122,45,A142,A152,1,A172,1,A191,A201,0
541,A14,24,A33,A40,2032,A61,A75,4,A93,A101,4.0,A124,60,A143,A153,2,A173,1,A192,A201,0
542,A11,30,A32,A42,6350,A65,A75,4,A93,A101,4.0,A122,31,A143,A152,1,A173,1,A191,A201,1
544,A14,12,A34,A40,1255,A61,A75,4,A93,A101,4.0,A121,61,A143,A152,2,A172,1,A191,A201,0
546,A14,24,A34,A40,2022,A61,A73,4,A92,A101,4.0,A123,37,A143,A152,1,A173,1,A192,A201,0
547,A14,24,A32,A43,1552,A61,A74,3,A93,A101,1.0,A123,32,A141,A152,1,A173,2,A191,A201,0
549,A14,48,A34,A41,8858,A65,A74,2,A93,A101,1.0,A124,35,A143,A153,2,A173,1,A192,A201,0
550,A14,12,A34,A45,996,A65,A74,4,A92,A101,4.0,A121,23,A143,A152,2,A173,1,A191,A201,0
551,A14,6,A31,A43,1750,A63,A75,2,A93,A101,4.0,A122,45,A141,A152,1,A172,2,A191,A201,0
553,A12,12,A34,A40,1995,A62,A72,4,A93,A101,1.0,A123,27,A143,A152,1,A173,1,A191,A201,0
554,A12,9,A32,A46,1199,A61,A74,4,A92,A101,4.0,A122,67,A143,A152,2,A174,1,A192,A201,0
557,A14,21,A30,A40,5003,A65,A73,1,A92,A101,4.0,A122,29,A141,A152,2,A173,1,A192,A201,1
560,A11,24,A32,A41,2964,A65,A75,4,A93,A101,4.0,A124,49,A141,A153,1,A173,2,A192,A201,0
562,A13,6,A33,A43,683,A61,A72,2,A92,A101,1.0,A122,29,A141,A152,1,A173,1,A191,A201,0
564,A12,24,A33,A49,4712,A65,A73,4,A93,A101,2.0,A122,37,A141,A152,2,A174,1,A192,A201,0
565,A12,24,A33,A43,1553,A62,A74,3,A92,A101,2.0,A122,23,A143,A151,2,A173,1,A192,A201,0
567,A14,24,A34,A43,2578,A64,A75,2,A93,A101,2.0,A123,34,A143,A152,1,A173,1,A191,A201,0
568,A12,48,A32,A43,3979,A65,A74,4,A93,A101,1.0,A123,41,A143,A152,2,A173,2,A192,A201,0
569,A11,48,A32,A43,6758,A61,A73,3,A92,A101,2.0,A123,31,A143,A152,1,A173,1,A192,A201,1
571,A14,30,A34,A43,5954,A61,A74,3,A93,A102,2.0,A123,38,A143,A152,1,A173,1,A191,A201,0
572,A14,24,A32,A41,5433,A65,A71,2,A92,A101,4.0,A122,26,A143,A151,1,A174,1,A192,A201,0
573,A11,15,A32,A49,806,A61,A73,4,A92,A101,4.0,A122,22,A143,A152,1,A172,1,A191,A201,0
574,A12,9,A32,A43,1082,A61,A75,4,A93,A101,4.0,A123,27,A143,A152,2,A172,1,A191,A201,0
575,A14,15,A34,A42,2788,A61,A74,2,A92,A102,3.0,A123,24,A141,A152,2,A173,1,A191,A201,0
576,A12,12,A32,A43,2930,A61,A74,2,A92,A101,1.0,A121,27,A143,A152,1,A173,1,A191,A201,0
577,A14,24,A34,A46,1927,A65,A73,3,A92,A101,2.0,A123,33,A143,A152,2,A173,1,A192,A201,0
578,A12,36,A34,A40,2820,A61,A72,4,A91,A101,4.0,A123,27,A143,A152,2,A173,1,A191,A201,1
579,A14,24,A32,A48,937,A61,A72,4,A94,A101,3.0,A123,27,A143,A152,2,A172,1,A191,A201,0
581,A12,12,A34,A40,3124,A61,A72,1,A93,A101,3.0,A121,49,A141,A152,2,A172,2,A191,A201,0
582,A14,9,A32,A42,1388,A61,A73,4,A92,A101,2.0,A121,26,A143,A151,1,A173,1,A191,A201,0
584,A14,12,A32,A40,2133,A65,A75,4,A92,A101,4.0,A124,52,A143,A153,1,A174,1,A192,A201,0
586,A11,9,A34,A40,2799,A61,A73,2,A93,A101,2.0,A121,36,A143,A151,2,A173,2,A191,A201,0
587,A11,12,A32,A42,1289,A61,A73,4,A93,A103,1.0,A122,21,A143,A152,1,A172,1,A191,A201,0
590,A11,12,A34,A43,385,A61,A74,4,A92,A101,3.0,A121,58,A143,A152,4,A172,1,A192,A201,0
591,A12,24,A33,A40,1965,A65,A73,4,A92,A101,4.0,A123,42,A143,A151,2,A173,1,A192,A201,0
592,A14,21,A32,A49,1572,A64,A75,4,A92,A101,4.0,A121,36,A141,A152,1,A172,1,A191,A201,0
599,A14,24,A33,A49,3863,A61,A73,1,A93,A101,2.0,A124,32,A143,A153,1,A173,1,A191,A201,0
600,A12,7,A32,A43,2329,A61,A72,1,A92,A103,1.0,A121,45,A143,A152,1,A173,1,A191,A201,0
603,A14,36,A32,A42,3349,A61,A73,4,A92,A101,2.0,A123,28,A143,A152,1,A174,1,A192,A201,1
604,A13,10,A32,A42,1275,A61,A72,4,A92,A101,2.0,A122,23,A143,A152,1,A173,1,A191,A201,0
605,A11,24,A31,A42,2828,A63,A73,4,A93,A101,4.0,A121,22,A142,A152,1,A173,1,A192,A201,0
606,A14,24,A34,A49,4526,A61,A73,3,A93,A101,2.0,A121,74,A143,A152,1,A174,1,A192,A201,0
608,A14,18,A32,A43,2051,A61,A72,4,A93,A101,1.0,A121,33,A143,A152,1,A173,1,A191,A201,0
609,A14,15,A32,A41,1300,A65,A75,4,A93,A101,4.0,A124,45,A141,A153,1,A173,2,A191,A201,0
612,A11,21,A32,A43,3357,A64,A72,4,A92,A101,2.0,A123,29,A141,A152,1,A173,1,A191,A201,0
613,A11,24,A31,A41,3632,A61,A73,1,A92,A103,4.0,A123,22,A141,A151,1,A173,1,A191,A202,0
614,A14,18,A33,A42,1808,A61,A74,4,A92,A101,1.0,A121,22,A143,A152,1,A173,1,A191,A201,1
615,A12,48,A30,A49,12204,A65,A73,2,A93,A101,2.0,A123,48,A141,A152,1,A174,1,A192,A201,0
616,A12,60,A33,A43,9157,A65,A73,2,A93,A101,2.0,A124,27,A143,A153,1,A174,1,A191,A201,0
617,A11,6,A34,A40,3676,A61,A73,1,A93,A101,3.0,A121,37,A143,A151,3,A173,2,A191,A201,0
619,A14,12,A32,A40,640,A61,A73,4,A91,A101,2.0,A121,49,A143,A152,1,A172,1,A191,A201,0
620,A12,21,A34,A49,3652,A61,A74,2,A93,A101,3.0,A122,27,A143,A152,2,A173,1,A191,A201,0
623,A11,12,A32,A42,1858,A61,A72,4,A92,A101,1.0,A123,22,A143,A151,1,A173,1,A191,A201,0
625,A14,15,A32,A43,1979,A65,A75,4,A93,A101,2.0,A123,35,A143,A152,1,A173,1,A191,A201,0
626,A13,6,A32,A42,2116,A61,A73,2,A93,A101,2.0,A121,41,A143,A152,1,A173,1,A192,A201,0
628,A14,42,A34,A42,4042,A63,A73,4,A93,A101,4.0,A121,36,A143,A152,2,A173,1,A192,A201,0
629,A14,9,A32,A46,3832,A65,A75,1,A93,A101,4.0,A121,64,A143,A152,1,A172,1,A191,A201,0
630,A11,24,A32,A43,3660,A61,A73,2,A92,A101,4.0,A123,28,A143,A152,1,A173,1,A191,A201,0
631,A11,18,A31,A42,1553,A61,A73,4,A93,A101,3.0,A123,44,A141,A152,1,A173,1,A191,A201,1
632,A12,15,A32,A43,1444,A65,A72,4,A93,A101,1.0,A122,23,A143,A152,1,A173,1,A191,A201,0
635,A14,12,A32,A46,1393,A61,A75,4,A93,A101,4.0,A122,47,A141,A152,3,A173,2,A192,A201,0
636,A14,24,A32,A43,1376,A63,A74,4,A92,A101,1.0,A123,28,A143,A152,1,A173,1,A191,A201,0
637,A14,60,A33,A43,15653,A61,A74,2,A93,A101,4.0,A123,21,A143,A152,2,A173,1,A192,A201,0
638,A14,12,A32,A43,1493,A61,A72,4,A92,A101,3.0,A123,34,A143,A152,1,A173,2,A191,A201,0
639,A11,42,A33,A43,4370,A61,A74,3,A93,A101,2.0,A122,26,A141,A152,2,A173,2,A192,A201,1
641,A12,15,A32,A45,1308,A61,A75,4,A93,A101,4.0,A123,38,A143,A152,2,A172,1,A191,A201,0
643,A14,24,A34,A43,1851,A61,A74,4,A94,A103,2.0,A123,33,A143,A152,2,A173,1,A192,A201,0
644,A11,18,A34,A43,1880,A61,A74,4,A94,A101,1.0,A122,32,A143,A152,2,A174,1,A192,A201,0
646,A11,30,A30,A42,4583,A61,A73,2,A91,A103,2.0,A121,32,A143,A152,2,A173,1,A191,A201,0
650,A11,48,A32,A46,7476,A61,A74,4,A93,A101,1.0,A124,50,A143,A153,1,A174,1,A192,A201,0
653,A12,36,A33,A40,8086,A62,A75,2,A93,A101,4.0,A123,42,A143,A152,4,A174,1,A192,A201,1
654,A14,24,A34,A41,2346,A61,A74,4,A93,A101,3.0,A123,35,A143,A152,2,A173,1,A192,A201,0
655,A11,14,A32,A40,3973,A61,A71,1,A93,A101,4.0,A124,22,A143,A153,1,A173,1,A191,A201,0
656,A12,12,A32,A40,888,A61,A75,4,A93,A101,4.0,A123,41,A141,A152,1,A172,2,A191,A201,1
657,A14,48,A32,A43,10222,A65,A74,4,A93,A101,3.0,A123,37,A142,A152,1,A173,1,A192,A201,0
658,A12,30,A30,A49,4221,A61,A73,2,A92,A101,1.0,A123,28,A143,A152,2,A173,1,A191,A201,0
659,A12,18,A34,A42,6361,A61,A75,2,A93,A101,1.0,A124,41,A143,A152,1,A173,1,A192,A201,0
660,A13,12,A32,A43,1297,A61,A73,3,A94,A101,4.0,A121,23,A143,A151,1,A173,1,A191,A201,0
662,A14,21,A32,A42,2241,A61,A75,4,A93,A101,2.0,A121,50,A143,A152,2,A173,1,A191,A201,0
663,A12,6,A33,A42,1050,A61,A71,4,A93,A101,1.0,A122,35,A142,A152,2,A174,1,A192,A201,0
664,A13,6,A34,A46,1047,A61,A73,2,A92,A101,4.0,A122,50,A143,A152,1,A172,1,A191,A201,0
665,A14,24,A34,A410,6314,A61,A71,4,A93,A102,2.0,A124,27,A141,A152,2,A174,1,A192,A201,0
666,A12,30,A31,A42,3496,A64,A73,4,A93,A101,2.0,A123,34,A142,A152,1,A173,2,A192,A201,0
667,A14,48,A31,A49,3609,A61,A73,1,A92,A101,1.0,A121,27,A142,A152,1,A173,1,A191,A201,0
669,A13,30,A34,A43,3017,A61,A75,4,A93,A101,4.0,A122,47,A143,A152,1,A173,1,A191,A201,0
670,A14,24,A34,A49,4139,A62,A73,3,A93,A101,3.0,A122,27,A143,A152,2,A172,1,A192,A201,0
671,A14,36,A32,A49,5742,A62,A74,2,A93,A101,2.0,A123,31,A143,A152,2,A173,1,A192,A201,0
672,A14,60,A32,A40,10366,A61,A75,2,A93,A101,4.0,A122,42,A143,A152,1,A174,1,A192,A201,0
673,A14,6,A34,A40,2080,A63,A73,1,A94,A101,2.0,A123,24,A143,A152,1,A173,1,A191,A201,0
675,A14,30,A34,A43,4530,A61,A74,4,A92,A101,4.0,A123,26,A143,A151,1,A174,1,A192,A201,0
676,A14,24,A34,A42,5150,A61,A75,4,A93,A101,4.0,A123,33,A143,A152,1,A173,1,A192,A201,0
678,A11,24,A32,A43,2384,A61,A75,4,A93,A101,4.0,A121,64,A141,A151,1,A172,1,A191,A201,0
679,A14,18,A32,A43,1453,A61,A72,3,A92,A101,1.0,A121,26,A143,A152,1,A173,1,A191,A201,0
680,A14,6,A32,A46,1538,A61,A72,1,A92,A101,2.0,A124,56,A143,A152,1,A173,1,A191,A201,0
681,A14,12,A32,A43,2279,A65,A73,4,A93,A101,4.0,A124,37,A143,A153,1,A173,1,A192,A201,0
682,A14,15,A33,A43,1478,A61,A73,4,A94,A101,3.0,A121,33,A141,A152,2,A173,1,A191,A201,0
683,A14,24,A34,A43,5103,A61,A72,3,A94,A101,3.0,A124,47,A143,A153,3,A173,1,A192,A201,0
684,A12,36,A33,A49,9857,A62,A74,1,A93,A101,3.0,A122,31,A143,A152,2,A172,2,A192,A201,0
685,A14,60,A32,A40,6527,A65,A73,4,A93,A101,4.0,A124,34,A143,A153,1,A173,2,A192,A201,0
686,A13,10,A34,A43,1347,A65,A74,4,A93,A101,2.0,A122,27,A143,A152,2,A173,1,A192,A201,0
687,A12,36,A33,A40,2862,A62,A75,4,A93,A101,3.0,A124,30,A143,A153,1,A173,1,A191,A201,0
688,A14,9,A32,A43,2753,A62,A75,3,A93,A102,4.0,A123,35,A143,A152,1,A173,1,A192,A201,0
689,A11,12,A32,A40,3651,A64,A73,1,A93,A101,3.0,A122,31,A143,A152,1,A173,2,A191,A201,0
690,A11,15,A34,A42,975,A61,A73,2,A91,A101,3.0,A122,25,A143,A152,2,A173,1,A191,A201,0
691,A12,15,A32,A45,2631,A62,A73,3,A92,A101,2.0,A121,25,A143,A152,1,A172,1,A191,A201,0
692,A12,24,A32,A43,2896,A62,A72,2,A93,A101,1.0,A123,29,A143,A152,1,A173,1,A191,A201,0
693,A11,6,A34,A40,4716,A65,A72,1,A93,A101,3.0,A121,44,A143,A152,2,A172,2,A191,A201,0
694,A14,24,A32,A43,2284,A61,A74,4,A93,A101,2.0,A123,28,A143,A152,1,A173,1,A192,A201,0
695,A14,6,A32,A41,1236,A63,A73,2,A93,A101,4.0,A122,50,A143,A151,1,A173,1,A191,A201,0
696,A12,12,A32,A43,1103,A61,A74,4,A93,A103,3.0,A121,29,A143,A152,2,A173,1,A191,A202,0
697,A14,12,A34,A40,926,A61,A71,1,A92,A101,2.0,A122,38,A143,A152,1,A171,1,A191,A201,0
698,A14,18,A34,A43,1800,A61,A73,4,A93,A101,2.0,A123,24,A143,A152,2,A173,1,A191,A201,0
699,A13,15,A32,A46,1905,A61,A75,4,A93,A101,4.0,A123,40,A143,A151,1,A174,1,A192,A201,0
702,A13,24,A32,A43,1377,A62,A75,4,A92,A101,2.0,A124,47,A143,A153,1,A173,1,A192,A201,0
703,A12,30,A33,A49,2503,A62,A75,4,A93,A101,2.0,A122,41,A142,A152,2,A173,1,A191,A201,0
704,A12,27,A32,A49,2528,A61,A72,4,A92,A101,1.0,A122,32,A143,A152,1,A173,2,A192,A201,0
705,A14,15,A32,A40,5324,A63,A75,1,A92,A101,4.0,A124,35,A143,A153,1,A173,1,A191,A201,0
708,A12,9,A32,A43,1206,A61,A75,4,A92,A101,4.0,A121,25,A143,A152,1,A173,1,A191,A201,0
709,A12,9,A32,A43,2118,A61,A73,2,A93,A101,2.0,A121,37,A143,A152,1,A172,2,A191,A201,0
710,A14,18,A34,A43,629,A63,A75,4,A93,A101,3.0,A122,32,A141,A152,2,A174,1,A192,A201,0
712,A14,21,A32,A41,2476,A65,A75,4,A93,A101,4.0,A121,46,A143,A152,1,A174,1,A192,A201,0
713,A11,9,A34,A43,1138,A61,A73,4,A93,A101,4.0,A121,25,A143,A152,2,A172,1,A191,A201,0
715,A14,30,A34,A41,7596,A65,A75,1,A93,A101,4.0,A123,63,A143,A152,2,A173,1,A191,A201,0
716,A14,30,A34,A43,3077,A65,A75,3,A93,A101,2.0,A123,40,A143,A152,2,A173,2,A192,A201,0
717,A14,18,A32,A43,1505,A61,A73,4,A93,A101,2.0,A124,32,A143,A153,1,A174,1,A192,A201,0
718,A13,24,A34,A43,3148,A65,A73,3,A93,A101,2.0,A123,31,A143,A152,2,A173,1,A192,A201,0
719,A12,20,A30,A41,6148,A62,A75,3,A94,A101,4.0,A123,31,A141,A152,2,A173,1,A192,A201,0
723,A12,9,A32,A43,790,A63,A73,4,A92,A101,3.0,A121,66,A143,A152,1,A172,1,A191,A201,0
725,A14,6,A34,A40,250,A64,A73,2,A92,A101,2.0,A121,41,A141,A152,2,A172,1,A191,A201,0
726,A14,15,A34,A43,1316,A63,A73,2,A94,A101,2.0,A122,47,A143,A152,2,A172,1,A191,A201,0
728,A12,48,A31,A49,6416,A61,A75,4,A92,A101,3.0,A124,59,A143,A151,1,A173,1,A191,A201,1
729,A13,24,A34,A49,1275,A64,A73,2,A91,A101,4.0,A121,36,A143,A152,2,A173,1,A192,A201,0
730,A12,24,A33,A43,6403,A61,A72,1,A93,A101,2.0,A123,33,A143,A152,1,A173,1,A191,A201,0
732,A12,8,A32,A43,760,A61,A74,4,A92,A103,2.0,A121,44,A143,A152,1,A172,1,A191,A201,0
733,A14,24,A32,A41,2603,A64,A73,2,A92,A101,4.0,A123,28,A143,A151,1,A173,1,A192,A201,0
734,A14,4,A34,A40,3380,A61,A74,1,A92,A101,1.0,A121,37,A143,A152,1,A173,2,A191,A201,0
735,A12,36,A31,A44,3990,A65,A72,3,A92,A101,2.0,A124,29,A141,A152,1,A171,1,A191,A201,0
737,A11,18,A32,A40,4380,A62,A73,3,A93,A101,4.0,A123,35,A143,A152,1,A172,2,A192,A201,0
738,A14,6,A34,A40,6761,A61,A74,1,A93,A101,3.0,A124,45,A143,A152,2,A174,2,A192,A201,0
739,A12,30,A30,A49,4280,A62,A73,4,A92,A101,4.0,A123,26,A143,A151,2,A172,1,A191,A201,1
740,A11,24,A31,A40,2325,A62,A74,2,A93,A101,3.0,A123,32,A141,A152,1,A173,1,A191,A201,0
741,A12,10,A31,A43,1048,A61,A73,4,A93,A101,4.0,A121,23,A142,A152,1,A172,1,A191,A201,0
742,A14,21,A32,A43,3160,A65,A75,4,A93,A101,3.0,A122,41,A143,A152,1,A173,1,A192,A201,0
743,A11,24,A31,A42,2483,A63,A73,4,A93,A101,4.0,A121,22,A142,A152,1,A173,1,A192,A201,0
744,A11,39,A34,A42,14179,A65,A74,4,A93,A101,4.0,A122,30,A143,A152,2,A174,1,A192,A201,0
745,A11,13,A34,A49,1797,A61,A72,3,A93,A101,1.0,A122,28,A141,A152,2,A172,1,A191,A201,0
746,A11,15,A32,A40,2511,A61,A71,1,A92,A101,4.0,A123,23,A143,A151,1,A173,1,A191,A201,0
748,A14,21,A32,A41,5248,A65,A73,1,A93,A101,3.0,A123,26,A143,A152,1,A173,1,A191,A201,0
749,A14,15,A32,A41,3029,A61,A74,2,A93,A101,2.0,A123,33,A143,A152,1,A173,1,A191,A201,0
750,A11,6,A32,A42,428,A61,A75,2,A92,A101,1.0,A122,49,A141,A152,1,A173,1,A192,A201,0
752,A12,12,A32,A49,841,A62,A74,2,A92,A101,4.0,A121,23,A143,A151,1,A172,1,A191,A201,0
753,A14,30,A34,A43,5771,A61,A74,4,A92,A101,2.0,A123,25,A143,A152,2,A173,1,A191,A201,0
756,A13,6,A34,A40,1299,A61,A73,1,A93,A101,1.0,A121,74,A143,A152,3,A171,2,A191,A202,0
758,A14,24,A32,A40,1393,A61,A73,2,A93,A103,2.0,A121,31,A143,A152,1,A173,1,A192,A201,0
760,A14,15,A34,A40,5045,A65,A75,1,A92,A101,4.0,A123,59,A143,A152,1,A173,1,A192,A201,0
762,A11,12,A32,A43,2214,A61,A73,4,A93,A101,3.0,A122,24,A143,A152,1,A172,1,A191,A201,0
764,A14,24,A34,A40,2463,A62,A74,4,A94,A101,3.0,A122,27,A143,A152,2,A173,1,A192,A201,0
765,A12,12,A32,A43,1155,A61,A75,3,A94,A103,3.0,A121,40,A141,A152,2,A172,1,A191,A201,0
766,A11,30,A32,A42,3108,A61,A72,2,A91,A101,4.0,A122,31,A143,A152,1,A172,1,A191,A201,1
767,A14,10,A32,A41,2901,A65,A72,1,A92,A101,4.0,A121,31,A143,A151,1,A173,1,A191,A201,0
768,A12,12,A34,A42,3617,A61,A75,1,A93,A101,4.0,A123,28,A143,A151,3,A173,1,A192,A201,0
769,A14,12,A34,A43,1655,A61,A75,2,A93,A101,4.0,A121,63,A143,A152,2,A172,1,A192,A201,0
770,A11,24,A32,A41,2812,A65,A75,2,A92,A101,4.0,A121,26,A143,A151,1,A173,1,A191,A201,0
772,A14,21,A34,A41,3275,A61,A75,1,A93,A101,4.0,A123,36,A143,A152,1,A174,1,A192,A201,0
773,A14,24,A34,A43,2223,A62,A75,4,A93,A101,4.0,A122,52,A141,A152,2,A173,1,A191,A201,0
774,A13,12,A34,A40,1480,A63,A71,2,A93,A101,4.0,A124,66,A141,A153,3,A171,1,A191,A201,0
776,A14,36,A34,A40,3535,A61,A74,4,A93,A101,4.0,A123,37,A143,A152,2,A173,1,A192,A201,0
777,A11,18,A32,A43,3509,A61,A74,4,A92,A103,1.0,A121,25,A143,A152,1,A173,1,A191,A201,0
778,A14,36,A34,A41,5711,A64,A75,4,A93,A101,2.0,A123,38,A143,A152,2,A174,1,A192,A201,0
779,A12,18,A32,A45,3872,A61,A71,2,A92,A101,4.0,A123,67,A143,A152,1,A173,1,A192,A201,0
780,A12,39,A34,A43,4933,A61,A74,2,A93,A103,2.0,A121,25,A143,A152,2,A173,1,A191,A201,1
781,A14,24,A34,A40,1940,A64,A75,4,A93,A101,4.0,A121,60,A143,A152,1,A173,1,A192,A201,0
782,A12,12,A30,A48,1410,A61,A73,2,A93,A101,2.0,A121,31,A143,A152,1,A172,1,A192,A201,0
783,A12,12,A32,A40,836,A62,A72,4,A92,A101,2.0,A122,23,A141,A152,1,A172,1,A191,A201,1
784,A12,20,A32,A41,6468,A65,A71,1,A91,A101,4.0,A121,60,A143,A152,1,A174,1,A192,A201,0
785,A12,18,A32,A49,1941,A64,A73,4,A93,A101,2.0,A122,35,A143,A152,1,A172,1,A192,A201,0
786,A14,22,A32,A43,2675,A63,A75,3,A93,A101,4.0,A123,40,A143,A152,1,A173,1,A191,A201,0
787,A14,48,A34,A41,2751,A65,A75,4,A93,A101,3.0,A123,38,A143,A152,2,A173,2,A192,A201,0
791,A14,24,A32,A41,6313,A65,A75,3,A93,A101,4.0,A123,41,A143,A152,1,A174,2,A192,A201,0
792,A14,6,A34,A42,1221,A65,A73,1,A94,A101,2.0,A122,27,A143,A152,2,A173,1,A191,A201,0
793,A13,24,A32,A42,2892,A61,A75,3,A91,A101,4.0,A124,51,A143,A153,1,A173,1,A191,A201,0
794,A14,24,A32,A42,3062,A63,A75,4,A93,A101,3.0,A124,32,A143,A151,1,A173,1,A192,A201,0
795,A14,9,A32,A42,2301,A62,A72,2,A92,A101,4.0,A122,22,A143,A151,1,A173,1,A191,A201,0
797,A14,12,A34,A42,1258,A61,A72,2,A92,A101,4.0,A122,22,A143,A151,2,A172,1,A191,A201,0
798,A14,24,A33,A40,717,A65,A75,4,A94,A101,4.0,A123,54,A143,A152,2,A173,1,A192,A201,0
799,A12,9,A32,A40,1549,A65,A72,4,A93,A101,2.0,A121,35,A143,A152,1,A171,1,A191,A201,0
800,A14,24,A34,A46,1597,A61,A75,4,A93,A101,4.0,A124,54,A143,A153,2,A173,2,A191,A201,0
801,A12,18,A34,A43,1795,A61,A75,3,A92,A103,4.0,A121,48,A141,A151,2,A172,1,A192,A201,0
802,A11,20,A34,A42,4272,A61,A75,1,A92,A101,4.0,A122,24,A143,A152,2,A173,1,A191,A201,0
803,A14,12,A34,A43,976,A65,A75,4,A93,A101,4.0,A123,35,A143,A152,2,A173,1,A191,A201,0
804,A12,12,A32,A40,7472,A65,A71,1,A92,A101,2.0,A121,24,A143,A151,1,A171,1,A191,A201,0
806,A12,6,A32,A43,590,A61,A72,3,A94,A101,3.0,A121,26,A143,A152,1,A172,1,A191,A202,0
807,A14,12,A34,A43,930,A65,A75,4,A93,A101,4.0,A121,65,A143,A152,4,A173,1,A191,A201,0
808,A12,42,A31,A41,9283,A61,A71,1,A93,A101,2.0,A124,55,A141,A153,1,A174,1,A192,A201,0
809,A12,15,A30,A40,1778,A61,A72,2,A92,A101,1.0,A121,26,A143,A151,2,A171,1,A191,A201,1
810,A12,8,A32,A49,907,A61,A72,3,A94,A101,2.0,A121,26,A143,A152,1,A173,1,A192,A201,0
811,A12,6,A32,A43,484,A61,A74,3,A94,A103,3.0,A121,28,A141,A152,1,A172,1,A191,A201,0
812,A11,36,A34,A41,9629,A61,A74,4,A93,A101,4.0,A123,24,A143,A152,2,A173,1,A192,A201,1
814,A11,48,A32,A40,3931,A61,A74,4,A93,A101,4.0,A124,46,A143,A153,1,A173,2,A191,A201,1
815,A12,36,A33,A40,7432,A61,A73,2,A92,A101,2.0,A122,54,A143,A151,1,A173,1,A191,A201,0
816,A14,6,A32,A44,1338,A63,A73,1,A91,A101,4.0,A121,62,A143,A152,1,A173,1,A191,A201,0
817,A14,6,A34,A43,1554,A61,A74,1,A92,A101,2.0,A123,24,A143,A151,2,A173,1,A192,A201,0
818,A11,36,A32,A410,15857,A61,A71,2,A91,A102,3.0,A123,43,A143,A152,1,A174,1,A191,A201,0
819,A11,18,A32,A43,1345,A61,A73,4,A94,A101,3.0,A121,26,A141,A152,1,A173,1,A191,A201,1
820,A14,12,A32,A40,1101,A61,A73,3,A94,A101,2.0,A121,27,A143,A152,2,A173,1,A192,A201,0
821,A13,12,A32,A43,3016,A61,A73,3,A94,A101,1.0,A123,24,A143,A152,1,A173,1,A191,A201,0
823,A11,8,A34,A40,731,A61,A75,4,A93,A101,4.0,A121,47,A143,A152,2,A172,1,A191,A201,0
824,A14,18,A34,A42,3780,A61,A72,3,A91,A101,2.0,A123,35,A143,A152,2,A174,1,A192,A201,0
825,A11,21,A34,A40,1602,A61,A75,4,A94,A101,3.0,A123,30,A143,A152,2,A173,1,A192,A201,0
829,A12,48,A33,A49,6681,A65,A73,4,A93,A101,4.0,A124,38,A143,A153,1,A173,2,A192,A201,0
830,A14,24,A33,A49,2375,A63,A73,4,A93,A101,2.0,A123,44,A143,A152,2,A173,2,A192,A201,0
833,A12,24,A32,A43,5084,A65,A75,2,A92,A101,4.0,A123,42,A143,A152,1,A173,1,A192,A201,0
836,A14,12,A32,A43,886,A65,A73,4,A92,A101,2.0,A123,21,A143,A152,1,A173,1,A191,A201,0
837,A14,4,A32,A42,601,A61,A72,1,A92,A101,3.0,A121,23,A143,A151,1,A172,2,A191,A201,0
838,A11,24,A34,A41,2957,A61,A75,4,A93,A101,4.0,A122,63,A143,A152,2,A173,1,A192,A201,0
839,A14,24,A34,A43,2611,A61,A75,4,A94,A102,3.0,A121,46,A143,A152,2,A173,1,A191,A201,0
840,A11,36,A32,A42,5179,A61,A74,4,A93,A101,2.0,A122,29,A143,A152,1,A173,1,A191,A201,1
841,A14,21,A33,A41,2993,A61,A73,3,A93,A101,2.0,A121,28,A142,A152,2,A172,1,A191,A201,0
843,A14,24,A31,A49,1559,A61,A74,4,A93,A101,4.0,A123,50,A141,A152,1,A173,1,A192,A201,0
844,A14,18,A32,A42,3422,A61,A75,4,A93,A101,4.0,A122,47,A141,A152,3,A173,2,A192,A201,0
845,A12,21,A32,A42,3976,A65,A74,2,A93,A101,3.0,A123,35,A143,A152,1,A173,1,A192,A201,0
846,A14,18,A32,A40,6761,A65,A73,2,A93,A101,4.0,A123,68,A143,A151,2,A173,1,A191,A201,1
847,A14,24,A32,A40,1249,A61,A72,4,A94,A101,2.0,A121,28,A143,A152,1,A173,1,A191,A201,0
848,A11,9,A32,A43,1364,A61,A74,3,A93,A101,4.0,A121,59,A143,A152,1,A173,1,A191,A201,0
851,A14,24,A34,A41,4042,A65,A74,3,A93,A101,4.0,A122,43,A143,A152,2,A173,1,A192,A201,0
852,A14,15,A34,A43,1471,A61,A73,4,A93,A101,4.0,A124,35,A143,A153,2,A173,1,A192,A201,0
854,A14,36,A33,A40,10875,A61,A75,2,A93,A101,2.0,A123,45,A143,A152,2,A173,2,A192,A201,0
855,A14,24,A32,A40,1474,A62,A72,4,A94,A101,3.0,A121,33,A143,A152,1,A173,1,A192,A201,0
856,A14,10,A32,A48,894,A65,A74,4,A92,A101,3.0,A122,40,A143,A152,1,A173,1,A192,A201,0
857,A14,15,A34,A42,3343,A61,A73,4,A93,A101,2.0,A124,28,A143,A153,1,A173,1,A192,A201,0
859,A14,9,A32,A40,3577,A62,A73,1,A93,A103,2.0,A121,26,A143,A151,1,A173,2,A191,A202,0
860,A14,24,A34,A41,5804,A64,A73,4,A93,A101,2.0,A121,27,A143,A152,2,A173,1,A191,A201,0
863,A14,27,A34,A42,4526,A64,A72,4,A93,A101,2.0,A121,32,A142,A152,2,A172,2,A192,A201,0
865,A14,15,A32,A42,2221,A63,A73,2,A92,A101,4.0,A123,20,A143,A151,1,A173,1,A191,A201,0
866,A11,18,A32,A43,2389,A61,A72,4,A92,A101,1.0,A123,27,A142,A152,1,A173,1,A191,A201,0
867,A14,12,A34,A42,3331,A61,A75,2,A93,A101,4.0,A122,42,A142,A152,1,A173,1,A191,A201,0
868,A14,36,A32,A49,7409,A65,A75,3,A93,A101,2.0,A122,37,A143,A152,2,A173,1,A191,A201,0
869,A11,12,A32,A42,652,A61,A75,4,A92,A101,4.0,A122,24,A143,A151,1,A173,1,A191,A201,0
870,A14,36,A33,A42,7678,A63,A74,2,A92,A101,4.0,A123,40,A143,A152,2,A173,1,A192,A201,0
871,A13,6,A34,A40,1343,A61,A75,1,A93,A101,4.0,A121,46,A143,A152,2,A173,2,A191,A202,0
872,A11,24,A34,A49,1382,A62,A74,4,A93,A101,1.0,A121,26,A143,A152,2,A173,1,A192,A201,0
873,A14,15,A32,A44,874,A65,A72,4,A92,A101,1.0,A121,24,A143,A152,1,A173,1,A191,A201,0
874,A11,12,A32,A42,3590,A61,A73,2,A93,A102,2.0,A122,29,A143,A152,1,A172,2,A191,A201,0
875,A12,11,A34,A40,1322,A64,A73,4,A92,A101,4.0,A123,40,A143,A152,2,A173,1,A191,A201,0
876,A11,18,A31,A43,1940,A61,A72,3,A93,A102,4.0,A124,36,A141,A153,1,A174,1,A192,A201,0
877,A14,36,A32,A43,3595,A61,A75,4,A93,A101,2.0,A123,28,A143,A152,1,A173,1,A191,A201,0
879,A14,30,A34,A43,6742,A65,A74,2,A93,A101,3.0,A122,36,A143,A152,2,A173,1,A191,A201,0
880,A14,24,A32,A41,7814,A61,A74,3,A93,A101,3.0,A123,38,A143,A152,1,A174,1,A192,A201,0
881,A14,24,A32,A41,9277,A65,A73,2,A91,A101,4.0,A124,48,A143,A153,1,A173,1,A192,A201,0
882,A12,30,A34,A40,2181,A65,A75,4,A93,A101,4.0,A121,36,A143,A152,2,A173,1,A191,A201,0
883,A14,18,A34,A43,1098,A61,A71,4,A92,A101,4.0,A123,65,A143,A152,2,A171,1,A191,A201,0
885,A11,12,A32,A46,795,A61,A72,4,A92,A101,4.0,A122,53,A143,A152,1,A173,1,A191,A201,1
886,A12,24,A34,A49,2825,A65,A74,4,A93,A101,3.0,A124,34,A143,A152,2,A173,2,A192,A201,0
888,A14,36,A34,A40,6614,A61,A75,4,A93,A101,4.0,A123,34,A143,A152,2,A174,1,A192,A201,0
889,A14,28,A31,A41,7824,A65,A72,3,A93,A103,4.0,A121,40,A141,A151,2,A173,2,A192,A201,0
890,A11,27,A34,A49,2442,A61,A75,4,A93,A101,4.0,A123,43,A142,A152,4,A174,2,A192,A201,0
891,A14,15,A34,A43,1829,A61,A75,4,A93,A101,4.0,A123,46,A143,A152,2,A173,1,A192,A201,0
892,A11,12,A34,A40,2171,A61,A73,4,A93,A101,4.0,A122,38,A141,A152,2,A172,1,A191,A202,0
893,A12,36,A34,A41,5800,A61,A73,3,A93,A101,4.0,A123,34,A143,A152,2,A173,1,A192,A201,0
894,A14,18,A34,A43,1169,A65,A73,4,A93,A101,3.0,A122,29,A143,A152,2,A173,1,A192,A201,0
895,A14,36,A33,A41,8947,A65,A74,3,A93,A101,2.0,A123,31,A142,A152,1,A174,2,A192,A201,0
896,A11,21,A32,A43,2606,A61,A72,4,A92,A101,4.0,A122,28,A143,A151,1,A174,1,A192,A201,0
897,A14,12,A34,A42,1592,A64,A74,3,A92,A101,2.0,A122,35,A143,A152,1,A173,1,A191,A202,0
898,A14,15,A32,A42,2186,A65,A74,1,A92,A101,4.0,A121,33,A141,A151,1,A172,1,A191,A201,0
900,A11,16,A34,A40,2625,A61,A75,2,A93,A103,4.0,A122,43,A141,A151,1,A173,1,A192,A201,1
901,A14,20,A34,A40,3485,A65,A72,2,A91,A101,4.0,A121,44,A143,A152,2,A173,1,A192,A201,0
902,A14,36,A34,A41,10477,A65,A75,2,A93,A101,4.0,A124,42,A143,A153,2,A173,1,A191,A201,0
903,A14,15,A32,A43,1386,A65,A73,4,A94,A101,2.0,A121,40,A143,A151,1,A173,1,A192,A201,0
904,A14,24,A32,A43,1278,A61,A75,4,A93,A101,1.0,A121,36,A143,A152,1,A174,1,A192,A201,0
905,A11,12,A32,A43,1107,A61,A73,2,A93,A101,2.0,A121,20,A143,A151,1,A174,2,A192,A201,0
906,A11,21,A32,A40,3763,A65,A74,2,A93,A102,2.0,A121,24,A143,A152,1,A172,1,A191,A202,0
907,A12,36,A32,A46,3711,A65,A73,2,A94,A101,2.0,A123,27,A143,A152,1,A173,1,A191,A201,0
908,A14,15,A33,A41,3594,A61,A72,1,A92,A101,2.0,A122,46,A143,A152,2,A172,1,A191,A201,0
909,A12,9,A32,A40,3195,A65,A73,1,A92,A101,2.0,A121,33,A143,A152,1,A172,1,A191,A201,0
910,A14,36,A33,A43,4454,A61,A73,4,A92,A101,4.0,A121,34,A143,A152,2,A173,1,A191,A201,0
912,A12,30,A32,A43,2991,A65,A75,2,A92,A101,4.0,A123,25,A143,A152,1,A173,1,A191,A201,0
913,A14,11,A32,A49,2142,A64,A75,1,A91,A101,2.0,A121,28,A143,A152,1,A173,1,A192,A201,0
916,A14,10,A32,A41,2848,A62,A73,1,A93,A102,2.0,A121,32,A143,A152,1,A173,2,A191,A201,0
920,A14,18,A34,A42,1817,A61,A73,4,A92,A101,2.0,A124,28,A143,A152,2,A173,1,A191,A201,0
921,A14,48,A33,A43,12749,A63,A74,4,A93,A101,1.0,A123,37,A143,A152,1,A174,1,A192,A201,0
923,A12,12,A32,A40,2002,A61,A74,3,A93,A101,4.0,A122,30,A143,A151,1,A173,2,A192,A201,0
926,A11,18,A34,A42,1049,A61,A72,4,A92,A101,4.0,A122,21,A143,A151,1,A173,1,A191,A201,0
928,A14,30,A32,A43,1867,A65,A75,4,A93,A101,4.0,A123,58,A143,A152,1,A173,1,A192,A201,0
929,A11,12,A33,A40,1344,A61,A73,4,A93,A101,2.0,A121,43,A143,A152,2,A172,2,A191,A201,0
930,A11,24,A32,A42,1747,A61,A72,4,A93,A102,1.0,A122,24,A143,A152,1,A172,1,A191,A202,0
931,A12,9,A32,A43,1670,A61,A72,4,A92,A101,2.0,A123,22,A143,A152,1,A173,1,A192,A201,1
932,A14,9,A34,A40,1224,A61,A73,3,A93,A101,1.0,A121,30,A143,A152,2,A173,1,A191,A201,0
933,A14,12,A34,A43,522,A63,A75,4,A93,A101,4.0,A122,42,A143,A152,2,A173,2,A192,A201,0
934,A11,12,A32,A43,1498,A61,A73,4,A92,A101,1.0,A123,23,A141,A152,1,A173,1,A191,A201,0
935,A12,30,A33,A43,1919,A62,A72,4,A93,A101,3.0,A124,30,A142,A152,2,A174,1,A191,A201,1
937,A12,6,A32,A43,2063,A61,A72,4,A94,A101,3.0,A123,30,A143,A151,1,A174,1,A192,A201,0
939,A14,24,A34,A41,6842,A65,A73,2,A93,A101,4.0,A122,46,A143,A152,2,A174,2,A192,A201,0
940,A14,12,A32,A40,3527,A65,A72,2,A93,A101,3.0,A122,45,A143,A152,1,A174,2,A192,A201,0
941,A14,10,A32,A40,1546,A61,A73,3,A93,A101,2.0,A121,31,A143,A152,1,A172,2,A191,A202,0
942,A14,24,A32,A42,929,A65,A74,4,A93,A101,2.0,A123,31,A142,A152,1,A173,1,A192,A201,0
943,A14,4,A34,A40,1455,A61,A74,2,A93,A101,1.0,A121,42,A143,A152,3,A172,2,A191,A201,0
944,A11,15,A32,A42,1845,A61,A72,4,A92,A103,1.0,A122,46,A143,A151,1,A173,1,A191,A201,0
945,A12,48,A30,A40,8358,A63,A72,1,A92,A101,1.0,A123,30,A143,A152,2,A173,1,A191,A201,0
947,A14,12,A32,A40,2859,A65,A71,4,A93,A101,4.0,A124,38,A143,A152,1,A174,1,A192,A201,0
949,A14,24,A32,A43,3621,A62,A75,2,A93,A101,4.0,A123,31,A143,A152,2,A173,1,A191,A201,1
950,A12,18,A34,A49,3590,A61,A71,3,A94,A101,3.0,A123,40,A143,A152,3,A171,2,A192,A201,0
953,A14,36,A32,A42,10974,A61,A71,4,A92,A101,2.0,A123,26,A143,A152,2,A174,1,A192,A201,1
954,A11,12,A32,A40,1893,A61,A73,4,A92,A103,4.0,A122,29,A143,A152,1,A173,1,A192,A201,0
955,A11,24,A34,A43,1231,A64,A75,4,A92,A101,4.0,A122,57,A143,A151,2,A174,1,A192,A201,0
956,A13,30,A34,A43,3656,A65,A75,4,A93,A101,4.0,A122,49,A142,A152,2,A172,1,A191,A201,0
957,A12,9,A34,A43,1154,A61,A75,2,A93,A101,4.0,A121,37,A143,A152,3,A172,1,A191,A201,0
959,A12,24,A32,A42,3069,A62,A75,4,A93,A101,4.0,A124,30,A143,A153,1,A173,1,A191,A201,0
960,A14,6,A34,A43,1740,A61,A75,2,A94,A101,2.0,A121,30,A143,A151,2,A173,1,A191,A201,0
961,A12,21,A33,A40,2353,A61,A73,1,A91,A101,4.0,A122,47,A143,A152,2,A173,1,A191,A201,0
962,A14,15,A32,A40,3556,A65,A73,3,A93,A101,2.0,A124,29,A143,A152,1,A173,1,A191,A201,0
964,A12,6,A32,A45,454,A61,A72,3,A94,A101,1.0,A122,22,A143,A152,1,A172,1,A191,A201,0
965,A12,30,A32,A43,1715,A65,A73,4,A92,A101,1.0,A123,26,A143,A152,1,A173,1,A191,A201,0
967,A14,15,A32,A43,3568,A61,A75,4,A92,A101,2.0,A123,54,A141,A151,1,A174,1,A192,A201,0
968,A14,42,A32,A43,7166,A65,A74,2,A94,A101,4.0,A122,29,A143,A151,1,A173,1,A192,A201,0
969,A11,11,A34,A40,3939,A61,A73,1,A93,A101,2.0,A121,40,A143,A152,2,A172,2,A191,A201,0
970,A12,15,A32,A45,1514,A62,A73,4,A93,A103,2.0,A121,22,A143,A152,1,A173,1,A191,A201,0
971,A14,24,A32,A40,7393,A61,A73,1,A93,A101,4.0,A122,43,A143,A152,1,A172,2,A191,A201,0
973,A11,60,A32,A49,7297,A61,A75,4,A93,A102,4.0,A124,36,A143,A151,1,A173,1,A191,A201,1
974,A14,30,A34,A43,2831,A61,A73,4,A92,A101,2.0,A123,33,A143,A152,1,A173,1,A192,A201,0
975,A13,24,A32,A43,1258,A63,A73,3,A92,A101,3.0,A123,57,A143,A152,1,A172,1,A191,A201,0
976,A12,6,A32,A43,753,A61,A73,2,A92,A103,3.0,A121,64,A143,A152,1,A173,1,A191,A201,0
977,A12,18,A33,A49,2427,A65,A75,4,A93,A101,2.0,A122,42,A143,A152,2,A173,1,A191,A201,0
982,A13,21,A32,A40,2923,A62,A73,1,A92,A101,1.0,A123,28,A141,A152,1,A174,1,A192,A201,0
984,A14,24,A34,A42,2028,A61,A74,2,A93,A101,2.0,A122,30,A143,A152,2,A172,1,A191,A201,0
985,A11,15,A34,A42,1433,A61,A73,4,A92,A101,3.0,A122,25,A143,A151,2,A173,1,A191,A201,0
986,A13,42,A30,A49,6289,A61,A72,2,A91,A101,1.0,A122,33,A143,A152,2,A173,1,A191,A201,0
987,A14,13,A32,A43,1409,A62,A71,2,A92,A101,4.0,A121,64,A143,A152,1,A173,1,A191,A201,0
988,A11,24,A32,A41,6579,A61,A71,4,A93,A101,2.0,A124,29,A143,A153,1,A174,1,A192,A201,0
989,A12,24,A34,A43,1743,A61,A75,4,A93,A101,2.0,A122,48,A143,A152,2,A172,1,A191,A201,0
990,A14,12,A34,A46,3565,A65,A72,2,A93,A101,1.0,A122,37,A143,A152,2,A172,2,A191,A201,0
991,A14,15,A31,A43,1569,A62,A75,4,A93,A101,4.0,A123,34,A141,A152,1,A172,2,A191,A201,0
992,A11,18,A32,A43,1936,A65,A74,2,A94,A101,4.0,A123,23,A143,A151,2,A172,1,A191,A201,0
993,A11,36,A32,A42,3959,A61,A71,4,A93,A101,3.0,A122,30,A143,A152,1,A174,1,A192,A201,0
994,A14,12,A32,A40,2390,A65,A75,4,A93,A101,3.0,A123,50,A143,A152,1,A173,1,A192,A201,0
995,A14,12,A32,A42,1736,A61,A74,3,A92,A101,4.0,A121,31,A143,A152,1,A172,1,A191,A201,0
996,A11,30,A32,A41,3857,A61,A73,4,A91,A101,4.0,A122,40,A143,A152,1,A174,1,A192,A201,0
997,A14,12,A32,A43,804,A61,A75,4,A93,A101,4.0,A123,38,A143,A152,1,A173,1,A191,A201,0
999,A12,45,A34,A41,4576,A62,A71,3,A93,A101,4.0,A123,27,A143,A152,1,A173,1,A191,A201,0
